games,states,queries,updates,metrics(loss),metrics(policy_accuracy),metrics(policy_loss),metrics(value_loss),queries_per_hour,states_per_hour,games_per_hour,updates_per_hour,tflops_per_hour,param_updates,evaluation_games,wins_as_player_1,wins_as_player_2,collisions,elo,reference_elo,mean_game_length,median_game_length,opening_value,selfplay_wins_for_player_1,selfplay_wins_for_player_2,selfplay_draws,1-ply openings,1-ply openings (sym),3-ply openings,3-ply openings (sym),5-ply openings,5-ply openings (sym),7-ply openings,7-ply openings (sym),1-ply sym ratio,3-ply sym ratio,5-ply sym ratio,7-ply sym ratio,unique_plies,translation_invariant_plies,unique_trajectories,move_31,move_39,move_41,move_49,group_0,group_1,group_2,group_3,group_4,group_5,group_6,group_7,group_8,group_9,group_10,group_11,group_12,group_13,group_14,ring_0,ring_1,ring_2,ring_3,ring_4,opening_ring_0,opening_ring_1,opening_ring_2,opening_ring_3,opening_ring_4,entropy_at_10,entropy_at_20,entropy_at_30
10000,466252,3730016,1000,1.0370819568634033,0.20615200698375702,0.22531312704086304,0.8000714182853699,,,,,,,1000.0,230.0,258.0,0.0,194.08439204405076,-26.550112872877143,44.8044,45.0,0.19282724,5240.0,4754.0,6.0,81.0,15.0,9684.0,9015.0,10000.0,10000.0,10000.0,10000.0,0.18518518518518517,0.9309169764560099,1.0,1.0,272034.0,243321.0,10000.0,193.0,267.0,112.0,231.0,453.0,886.0,928.0,1126.0,614.0,483.0,914.0,892.0,570.0,359.0,707.0,592.0,644.0,803.0,29.0,4691.4375,6167.458333333333,5778.5,6280.875,7196.0,125.21875,119.125,103.625,180.875,29.0,4.3811603,4.3700523,4.3589354
20000,914296,7314368,2000,2.13542103767395,0.1981540024280548,1.4173649549484253,0.6800001859664917,2807.586422976501,350.94830287206264,7832.89817232376,783.289817232376,95.41948567755196,0.027314633,1000.0,215.0,260.0,0.0,731.9705552582764,151.0557804707738,39.3493,39.0,0.12075928,5074.0,4923.0,3.0,80.0,14.0,6013.0,5722.0,9543.0,9540.0,9973.0,9973.0,0.175,0.9516048561450191,0.9996856334486011,1.0,222476.0,201270.0,10000.0,140.0,207.0,88.0,185.0,180.0,278.0,334.0,522.0,233.0,215.0,653.0,4701.0,388.0,200.0,609.0,547.0,520.0,620.0,0.0,3180.65625,6030.458333333333,5312.375,6627.875,8960.0,48.34375,248.20833333333334,84.75,142.5,0.0,4.060447,4.164367,4.169369
30000,1307789,10462312,3000,2.5404436588287354,0.2124750018119812,1.8150665760040283,0.6684049367904663,2754.642294603792,344.330286825474,8750.607681088964,875.0607681088966,93.62011043566204,0.01917925,1000.0,229.0,162.0,0.0,1194.8200474279786,398.3196044838121,34.936,35.0,-0.039402669999999994,4909.0,5090.0,1.0,81.0,15.0,5918.0,5564.0,8694.0,8692.0,9466.0,9466.0,0.18518518518518517,0.9401824940858398,0.9997699562916954,1.0,165875.0,151243.0,9999.0,191.0,276.0,188.0,299.0,256.0,421.0,471.0,900.0,323.0,322.0,877.0,2138.0,556.0,516.0,1012.0,444.0,715.0,954.0,95.0,1950.625,5520.75,5398.25,7303.75,9640.0,74.09375,162.20833333333334,123.25,208.625,95.0,3.9433427,4.0184474,3.9900067
40000,1657149,13257192,4000,2.6857826709747314,0.23205000162124634,1.9321187734603882,0.6831831336021423,2642.912529550827,330.3640661938534,9456.26477541371,945.6264775413711,89.8228286747234,0.0150003545,1000.0,244.0,160.0,0.0,1521.0335193656335,543.8097470287656,30.0049,29.0,0.06794679999999999,4973.0,5023.0,4.0,81.0,15.0,2637.0,2485.0,4668.0,4646.0,6392.0,6392.0,0.18518518518518517,0.9423587409935533,0.99528706083976,1.0,80743.0,75064.0,9965.0,227.0,380.0,108.0,463.0,79.0,196.0,158.0,289.0,111.0,79.0,473.0,4981.0,537.0,128.0,677.0,486.0,517.0,1178.0,111.0,691.78125,4821.083333333333,5473.0625,8100.125,9836.0,26.03125,252.91666666666666,80.6875,211.875,111.0,3.0164049,3.1024985,3.0916886
50000,1957198,15657584,5000,2.6775641441345215,0.2611590027809143,1.904411792755127,0.6927794218063354,2348.2095652173916,293.52619565217395,9782.608695652174,978.2608695652175,79.80696413918609,0.012833151,1000.0,274.0,146.0,3.0,1745.7916840553953,704.5525186092806,28.7399,28.0,-0.012883799999999999,4334.0,5661.0,5.0,81.0,15.0,2367.0,2229.0,4737.0,4728.0,6335.0,6335.0,0.18518518518518517,0.9416983523447402,0.9981000633312223,1.0,65754.0,60734.0,9927.0,315.0,427.0,89.0,477.0,44.0,138.0,233.0,389.0,132.0,175.0,444.0,5120.0,501.0,133.0,484.0,348.0,491.0,1308.0,60.0,461.0,4373.333333333333,5586.4375,8555.75,9858.0,29.25,260.0,60.3125,224.875,60.0,3.0564919,3.1494098,3.2315688
60000,2244597,17956776,6000,2.6556735038757324,0.28576499223709106,1.8613923788070679,0.7066409587860107,2292.1880919412906,286.5235114926613,9969.537524231515,996.9537524231514,77.90300131789665,0.011008454,1000.0,218.0,194.0,1.0,1713.9788933794548,913.590640833963,29.0336,28.0,-0.06087587999999999,4795.0,5202.0,3.0,81.0,15.0,4028.0,3714.0,6544.0,6534.0,7661.0,7661.0,0.18518518518518517,0.9220456802383317,0.9984718826405868,1.0,81559.0,74932.0,9982.0,277.0,417.0,282.0,429.0,183.0,479.0,399.0,585.0,159.0,261.0,937.0,2227.0,611.0,444.0,925.0,474.0,731.0,1405.0,180.0,647.0625,4297.333333333333,5627.4375,8352.875,9632.0,56.40625,168.16666666666666,115.1875,267.0,180.0,3.5014377,3.4112582,3.5061293
70000,2534933,20279464,7000,2.6660757064819336,0.29844701290130615,1.8500887155532837,0.7231463193893433,2476.0665679597278,309.50832099496597,10660.349422564406,1066.0349422564407,84.15235110291597,0.010178552,1000.0,245.0,170.0,1.0,1754.4314947852683,1026.1228907240506,27.5911,26.0,-0.0467579,4369.0,5625.0,6.0,81.0,15.0,3722.0,3387.0,6047.0,6034.0,7058.0,7058.0,0.18518518518518517,0.9099946265448684,0.9978501736398214,1.0,66604.0,61207.0,9958.0,318.0,322.0,220.0,556.0,105.0,268.0,232.0,436.0,272.0,198.0,801.0,2643.0,536.0,364.0,1080.0,700.0,774.0,1416.0,175.0,450.9375,3797.4166666666665,5776.6875,8532.5,9656.0,41.03125,174.08333333333334,134.0,273.75,175.0,3.1274734,3.0411735,3.1847103
80000,2810844,22486752,8000,2.6446444988250732,0.3107660114765167,1.812206745147705,0.7358182668685913,2379.825336927224,297.478167115903,10781.671159029649,1078.167115902965,80.88146736771107,0.0097794775,1000.0,223.0,194.0,0.0,1758.2873859785677,1189.1690488982588,27.525,26.0,-0.0738011,4498.0,5500.0,2.0,81.0,15.0,3585.0,3264.0,5714.0,5704.0,6902.0,6902.0,0.18518518518518517,0.9104602510460251,0.9982499124956248,1.0,63350.0,58158.0,9943.0,350.0,347.0,416.0,790.0,221.0,426.0,468.0,584.0,283.0,164.0,925.0,1163.0,595.0,503.0,1208.0,571.0,826.0,1903.0,160.0,438.8125,3683.1666666666665,5883.875,8622.375,9691.0,61.9375,118.625,142.625,341.125,160.0,3.0364077,3.0746696,3.2825367
90000,3086094,24688752,9000,2.6303272247314453,0.3227800130844116,1.781395673751831,0.7494191527366638,2358.583754834871,294.82296935435886,10711.097887533473,1071.1097887533472,80.1595445012794,0.009649855,1000.0,257.0,173.0,3.0,1864.0627607872862,1303.7639387340346,26.7112,25.0,-0.14697766999999998,4757.0,5238.0,5.0,81.0,15.0,2342.0,2097.0,4202.0,4186.0,5526.0,5526.0,0.18518518518518517,0.8953885567890691,0.9961922893860067,1.0,55065.0,50644.0,9766.0,371.0,410.0,513.0,608.0,95.0,314.0,212.0,396.0,229.0,121.0,818.0,2444.0,458.0,338.0,1192.0,375.0,890.0,1902.0,216.0,338.875,3367.8333333333335,5960.5,8817.25,9534.0,38.9375,160.04166666666666,119.0625,349.0,216.0,2.82794,2.9347568,3.2799263
100000,3353206,26825648,10000,2.60109806060791,0.3367980122566223,1.7410067319869995,0.7584035396575928,2310.1578378378376,288.7697297297297,10810.81081081081,1081.081081081081,78.51372656473946,0.009491381,1000.0,257.0,191.0,7.0,1953.1061803813202,1395.3955362390268,26.3879,25.0,-0.07436146,4981.0,5017.0,2.0,81.0,15.0,1944.0,1783.0,3575.0,3563.0,4817.0,4816.0,0.18518518518518517,0.9171810699588477,0.9966433566433567,0.9997924019099025,56032.0,51051.0,9531.0,234.0,366.0,455.0,849.0,70.0,173.0,222.0,331.0,55.0,75.0,590.0,3843.0,374.0,339.0,758.0,341.0,754.0,1904.0,171.0,368.125,3150.5833333333335,6033.3125,8851.375,9141.0,26.59375,203.41666666666666,89.875,332.25,171.0,2.5088542,2.6314325,2.9318368
110000,3617085,28936680,11000,2.574645757675171,0.3524399995803833,1.704818606376648,0.7665215134620667,2265.190819672131,283.1488524590164,10730.253353204173,1073.0253353204173,76.98546381538623,0.009433703,1000.0,256.0,184.0,1.0,1877.0746456123074,1436.3827009775096,27.5885,26.0,-0.07299347,5731.0,4263.0,6.0,81.0,15.0,2846.0,2627.0,4812.0,4804.0,5990.0,5990.0,0.18518518518518517,0.9230498945888967,0.99833748960931,1.0,65049.0,59181.0,9856.0,316.0,320.0,478.0,708.0,95.0,258.0,241.0,298.0,91.0,239.0,819.0,2959.0,446.0,377.0,937.0,381.0,817.0,1822.0,220.0,452.84375,3441.2083333333335,6178.1875,8807.875,9491.0,30.71875,185.95833333333334,105.9375,329.875,220.0,2.8216665,2.8483117,3.15209
120000,3892970,31143760,12000,2.5630617141723633,0.35957300662994385,1.6849486827850342,0.7739554047584534,2356.313167259787,294.53914590747337,10676.156583629894,1067.6156583629893,80.08237562169396,0.009146139,1000.0,259.0,207.0,3.0,2054.277969293019,1584.0311795575885,26.8672,25.0,-0.038350669999999996,5318.0,4676.0,6.0,81.0,15.0,2423.0,2208.0,4100.0,4086.0,5280.0,5279.0,0.18518518518518517,0.9112670243499794,0.9965853658536585,0.999810606060606,59753.0,54312.0,9642.0,371.0,457.0,487.0,863.0,63.0,187.0,184.0,342.0,97.0,175.0,856.0,2380.0,569.0,401.0,963.0,454.0,937.0,2178.0,214.0,415.6875,3109.8333333333335,6260.375,8913.875,9257.0,27.28125,165.83333333333334,113.625,389.375,214.0,2.297829,2.5468733,2.9557729
130000,4161642,33293136,13000,2.5491738319396973,0.36656200885772705,1.6650985479354858,0.7794739007949829,2294.027156833679,286.75339460420986,10672.991402312482,1067.2991402312482,77.96550433640509,0.00934244,1000.0,287.0,163.0,5.0,2021.561830150497,1545.91099419832,26.7257,25.0,-0.038071730000000005,5387.0,4607.0,6.0,81.0,15.0,1557.0,1405.0,3110.0,3095.0,4253.0,4252.0,0.18518518518518517,0.9023763648041104,0.9951768488745981,0.999764871855161,56533.0,51456.0,9660.0,342.0,484.0,838.0,1162.0,198.0,400.0,259.0,504.0,221.0,134.0,749.0,1483.0,332.0,355.0,936.0,426.0,1007.0,2826.0,170.0,442.0,2922.1666666666665,6338.375,9021.25,9397.0,49.4375,112.41666666666667,107.3125,479.125,170.0,2.1225424,2.5392158,2.9511015
140000,4428899,35431192,14000,2.531337022781372,0.3755500018596649,1.6417841911315918,0.7847055792808533,2248.612795793164,281.0765994741455,10517.090271691499,1051.70902716915,76.42203805611639,0.009130747,1000.0,297.0,177.0,5.0,2095.312202939318,1633.4297951173457,25.2959,23.0,-0.05757408000000001,5938.0,4057.0,5.0,81.0,15.0,1704.0,1558.0,3172.0,3154.0,4290.0,4290.0,0.18518518518518517,0.9143192488262911,0.9943253467843631,1.0,56919.0,51568.0,9434.0,362.0,442.0,808.0,1040.0,109.0,227.0,175.0,206.0,97.0,91.0,615.0,2814.0,349.0,264.0,915.0,446.0,879.0,2652.0,161.0,368.65625,2874.5833333333335,5817.1875,8713.625,9388.0,25.4375,161.20833333333334,101.5625,441.375,161.0,2.327884,2.7162132,3.1944296
150000,4681858,37454864,15000,2.5119588375091553,0.3857690095901489,1.6191378831863403,0.7880066633224487,2304.71977222398,288.0899715279975,11388.801012337868,1138.8801012337867,78.32890681361494,0.009007035,1000.0,250.0,217.0,7.0,2046.2163845396344,1720.4336593775386,25.7283,24.0,0.0032367200000000002,5270.0,4727.0,3.0,81.0,15.0,2053.0,1806.0,3705.0,3662.0,5018.0,5011.0,0.18518518518518517,0.8796882610813443,0.9883940620782726,0.9986050219210841,59299.0,53448.0,9442.0,563.0,558.0,663.0,1749.0,113.0,218.0,131.0,224.0,103.0,62.0,483.0,2071.0,377.0,252.0,946.0,321.0,960.0,3533.0,206.0,425.75,2747.7083333333335,6106.875,8820.625,9439.0,24.65625,124.70833333333333,94.9375,561.625,206.0,1.9896482,2.4178562,2.9346175
160000,4939141,39513128,16000,2.500032663345337,0.39096599817276,1.6036059856414795,0.7919207215309143,2203.9709696609166,275.4963712076146,10707.911957168353,1070.7911957168353,74.90482738207068,0.009163524,1000.0,275.0,210.0,6.0,2138.8171878045177,1742.5813136289767,26.1095,24.0,-0.031855970000000004,5997.0,3995.0,8.0,81.0,15.0,1688.0,1522.0,2986.0,2962.0,4151.0,4144.0,0.18518518518518517,0.9016587677725119,0.9919624916275954,0.9983136593591906,56132.0,50569.0,9114.0,636.0,302.0,669.0,1422.0,71.0,131.0,120.0,157.0,57.0,60.0,322.0,3508.0,153.0,212.0,907.0,262.0,918.0,3029.0,93.0,407.5,2884.4166666666665,6217.1875,8788.125,9049.0,16.75,168.45833333333334,86.3125,493.375,93.0,1.7834444,2.2196689,2.7193575
170000,5200236,41601888,17000,2.479321002960205,0.3990139961242676,1.5806936025619507,0.7945786118507385,2173.2763005780344,271.6595375722543,10404.624277456647,1040.4624277456646,73.86162902744046,0.008797406,1000.0,269.0,209.0,2.0,2153.028592437615,1819.9301764647203,25.2128,23.0,0.00214088,5504.0,4490.0,6.0,80.0,15.0,1645.0,1453.0,3082.0,3059.0,4102.0,4095.0,0.1875,0.8832826747720365,0.9925373134328358,0.9982935153583617,55787.0,50120.0,8948.0,593.0,301.0,611.0,1357.0,45.0,139.0,80.0,117.0,57.0,69.0,487.0,3633.0,339.0,194.0,628.0,314.0,865.0,2862.0,171.0,396.6875,2756.375,5856.3125,8820.5,9016.0,13.6875,188.66666666666666,71.0,465.875,171.0,1.9560999,2.4647062,2.9277947
180000,5452364,43618912,18000,2.4643068313598633,0.40570101141929626,1.5640435218811035,0.7968376874923706,2150.218063369855,268.77725792123186,10660.349422564406,1066.0349422564407,73.07796476797915,0.008827969,1000.0,278.0,230.0,4.0,2081.3669536821612,1705.5111705149682,25.7601,24.0,0.0724779,6090.0,3905.0,5.0,81.0,15.0,1975.0,1767.0,3342.0,3311.0,4479.0,4472.0,0.18518518518518517,0.8946835443037975,0.990724117295033,0.9984371511498102,59835.0,53838.0,9390.0,595.0,310.0,677.0,1543.0,29.0,102.0,61.0,120.0,43.0,51.0,338.0,3647.0,202.0,142.0,758.0,249.0,985.0,3125.0,148.0,452.65625,2815.0833333333335,6109.0625,8603.75,8979.0,11.09375,176.58333333333334,71.8125,513.75,148.0,1.5566086,2.1352682,2.6369321
190000,5709965,45679720,19000,2.4550983905792236,0.4090979993343353,1.5541430711746216,0.7982834577560425,2158.5419842886236,269.81774803607794,10474.25080011638,1047.425080011638,73.36086407479638,0.008811744,1000.0,294.0,212.0,9.0,2193.6069618312504,1738.3028706891223,26.969,25.0,0.07201021999999999,6079.0,3912.0,9.0,79.0,15.0,1425.0,1230.0,2693.0,2644.0,3747.0,3733.0,0.189873417721519,0.8631578947368421,0.9818046787968808,0.9962636776087537,60990.0,54993.0,9279.0,567.0,588.0,859.0,2247.0,26.0,76.0,27.0,98.0,32.0,34.0,231.0,3076.0,107.0,98.0,793.0,152.0,863.0,4261.0,126.0,639.21875,2735.1666666666665,6498.625,8819.0,9061.0,8.09375,143.66666666666666,65.1875,640.5,126.0,1.4152833,2.045773,2.632863
200000,5979655,47837240,20000,2.442497491836548,0.4133079946041107,1.5419992208480835,0.7985862493515015,2109.4709397066813,263.68386746333516,9777.29494839761,977.729494839761,71.69312063603694,0.00890416,1000.0,290.0,218.0,8.0,2236.454559997488,1844.2741846694748,27.3628,25.0,0.07253023,6046.0,3946.0,8.0,81.0,15.0,1473.0,1295.0,2448.0,2409.0,3309.0,3299.0,0.18518518518518517,0.8791581805838425,0.9840686274509803,0.9969779389543669,60390.0,54399.0,9259.0,593.0,374.0,643.0,2055.0,40.0,74.0,88.0,124.0,49.0,53.0,238.0,3310.0,176.0,129.0,912.0,198.0,799.0,3665.0,145.0,601.59375,2774.0,6663.9375,8983.875,9307.0,11.71875,157.375,77.4375,558.0,145.0,1.3582195,2.015207,2.592837
210000,6253283,50026264,21000,2.4311819076538086,0.4178690016269684,1.5272892713546753,0.8027645349502563,2032.624812999742,254.07810162496776,9285.530049006964,928.5530049006964,69.08140481255239,0.008717753,1000.0,276.0,232.0,14.0,2259.8826203729213,1967.0385084696713,26.8969,25.0,-0.0187457,6573.0,3421.0,6.0,81.0,15.0,1265.0,1071.0,2145.0,2073.0,2883.0,2860.0,0.18518518518518517,0.8466403162055336,0.9664335664335665,0.9920221990981616,59474.0,53680.0,8873.0,659.0,372.0,597.0,1807.0,37.0,92.0,82.0,106.0,75.0,66.0,332.0,3151.0,101.0,138.0,1040.0,266.0,878.0,3435.0,201.0,591.0,2616.6666666666665,6609.5,9018.75,9355.0,12.25,152.08333333333334,90.25,539.125,201.0,1.2979401,1.9842912,2.6738365
220000,6522252,52178016,22000,2.4153478145599365,0.42286399006843567,1.5135633945465088,0.8015357851982117,2056.359755773826,257.0449694717282,9556.676400318556,955.6676400318556,69.88806779309499,0.008700994,1000.0,280.0,237.0,27.0,2260.3265308228038,1876.639352366367,26.9548,25.0,0.13229612,5863.0,4130.0,7.0,81.0,15.0,1336.0,1113.0,2345.0,2265.0,3079.0,3060.0,0.18518518518518517,0.8330838323353293,0.9658848614072495,0.9938291653134135,61021.0,55200.0,8894.0,622.0,429.0,859.0,2629.0,33.0,55.0,45.0,73.0,39.0,37.0,252.0,2432.0,137.0,106.0,783.0,253.0,1050.0,4539.0,166.0,555.46875,2769.9583333333335,6472.5,9061.75,9240.0,7.65625,119.08333333333333,71.375,698.625,166.0,1.2519503,1.9280353,2.5643456
230000,6791800,54334400,23000,2.405728816986084,0.42735400795936584,1.5022624731063843,0.804010808467865,2054.242498015348,256.7803122519185,9526.329716856311,952.6329716856311,69.816110027269,0.008605821,1000.0,280.0,222.0,20.0,2282.854377021901,1895.0412253252778,27.6294,25.0,0.08796101,5870.0,4122.0,8.0,79.0,15.0,1286.0,1061.0,2055.0,2006.0,2801.0,2787.0,0.189873417721519,0.8250388802488335,0.9761557177615572,0.9950017850767583,61567.0,55722.0,9215.0,505.0,558.0,759.0,2518.0,19.0,39.0,24.0,90.0,44.0,22.0,203.0,2099.0,325.0,129.0,1095.0,289.0,1066.0,4340.0,216.0,654.28125,2862.1666666666665,6530.6875,9133.75,9104.0,6.75,110.375,94.5625,675.75,216.0,1.158478,1.9043504,2.5212054
240000,7068094,56544752,24000,2.3914010524749756,0.4309079945087433,1.4877426624298096,0.8048787713050842,1935.133073929961,241.89163424124513,8754.863813229571,875.4863813229572,65.76802093103814,0.008575122,1000.0,276.0,210.0,1.0,2163.179162196608,1967.8243718708138,25.0823,23.0,0.04065426,6485.0,3507.0,8.0,81.0,15.0,1246.0,1058.0,2279.0,2225.0,3021.0,3007.0,0.18518518518518517,0.8491171749598716,0.976305397103993,0.9953657729228732,60079.0,53889.0,8687.0,621.0,431.0,861.0,2450.0,17.0,47.0,56.0,82.0,41.0,30.0,213.0,2497.0,155.0,185.0,941.0,234.0,939.0,4363.0,200.0,486.46875,2524.4583333333335,5997.375,8692.25,9173.0,7.59375,120.625,85.0,662.75,200.0,1.718779,2.540851,3.134972
250000,7318917,58551336,25000,2.379913330078125,0.43454501032829285,1.4761722087860107,0.8057345747947693,2071.609521078291,258.9511901347864,10324.060797246917,1032.4060797246918,70.4063509526612,0.008346796,1000.0,303.0,234.0,7.0,2355.5424243908246,2051.744016243788,28.1943,25.0,0.04586927,6231.0,3753.0,16.0,79.0,15.0,1626.0,1395.0,2761.0,2681.0,3495.0,3465.0,0.189873417721519,0.8579335793357934,0.9710249909453097,0.9914163090128756,74635.0,67143.0,9105.0,590.0,404.0,835.0,2008.0,49.0,77.0,92.0,128.0,68.0,36.0,242.0,2678.0,119.0,203.0,922.0,254.0,1022.0,3837.0,273.0,826.25,3039.5833333333335,6428.375,8809.5,9223.0,12.9375,128.125,86.1875,607.375,273.0,1.5379722,2.2629697,2.912426
260000,7600860,60806880,26000,2.368551254272461,0.43858999013900757,1.4661966562271118,0.8051764965057373,2137.956398104265,267.24454976303315,9478.672985781992,947.8672985781991,72.66123608471659,0.008551297,1000.0,303.0,198.0,1.0,2213.988279824187,2024.42515427112,27.9455,25.0,0.021808750000000002,6131.0,3855.0,14.0,80.0,15.0,1156.0,1002.0,2059.0,2002.0,2821.0,2807.0,0.1875,0.8667820069204152,0.9723166585721223,0.9950372208436724,67431.0,60882.0,8940.0,608.0,465.0,862.0,1804.0,21.0,95.0,92.0,167.0,49.0,36.0,258.0,2677.0,128.0,168.0,1099.0,274.0,1024.0,3739.0,173.0,753.15625,3012.0833333333335,6410.625,8985.625,8609.0,13.25,129.125,96.3125,595.375,173.0,1.5589013,2.2081938,2.8192122
270000,7880315,63042520,27000,2.355367422103882,0.4429279863834381,1.452636957168579,0.8064141869544983,2160.6185234899326,270.0773154362416,9664.429530201342,966.4429530201342,73.43143796736,0.008517649,1000.0,287.0,234.0,19.0,2360.59275875994,2026.19176005191,27.2556,25.0,0.13465938000000002,6647.0,3348.0,5.0,79.0,15.0,1547.0,1269.0,2608.0,2516.0,3401.0,3371.0,0.189873417721519,0.8202973497091144,0.9647239263803681,0.9911790649808879,65028.0,58154.0,9111.0,871.0,543.0,682.0,2378.0,37.0,69.0,52.0,144.0,51.0,33.0,248.0,2091.0,160.0,139.0,932.0,255.0,1062.0,4474.0,253.0,703.3125,3025.75,6129.6875,8817.375,8818.0,11.03125,105.5,82.875,692.0,253.0,1.2317916,1.8990227,2.5704768
280000,8152871,65222968,28000,2.342005491256714,0.4453659951686859,1.440406322479248,0.8060871362686157,2058.6448465774984,257.3306058221873,9441.38473642801,944.138473642801,69.96572958381621,0.008427498,1000.0,295.0,197.0,2.0,2203.4036876937166,2104.1516337712887,26.3937,24.0,0.12602971999999998,6791.0,3203.0,6.0,79.0,15.0,1800.0,1511.0,3597.0,3539.0,4695.0,4684.0,0.189873417721519,0.8394444444444444,0.9838754517653601,0.9976570820021299,67986.0,60458.0,9482.0,727.0,456.0,649.0,2446.0,63.0,121.0,106.0,136.0,50.0,33.0,187.0,2002.0,194.0,144.0,991.0,242.0,1333.0,4278.0,120.0,581.125,2994.4166666666665,6019.5625,8586.125,8473.0,14.875,100.66666666666667,86.0625,701.375,120.0,1.6479607,2.1815782,2.789275
290000,8416808,67334464,29000,2.327608585357666,0.44785699248313904,1.430116891860962,0.802831768989563,2239.653977607543,279.95674720094286,10606.95344725987,1060.695344725987,76.11756093777915,0.008351097,1000.0,299.0,237.0,28.0,2298.094628316057,2031.3603947777765,29.0543,27.0,0.14006777,6928.0,3045.0,27.0,80.0,15.0,1234.0,1033.0,2018.0,1949.0,2686.0,2664.0,0.1875,0.8371150729335495,0.9658077304261645,0.9918093819806404,66381.0,59780.0,9089.0,612.0,514.0,657.0,3048.0,29.0,82.0,54.0,75.0,37.0,20.0,143.0,2082.0,53.0,119.0,946.0,250.0,1108.0,4831.0,171.0,763.6875,3149.25,6801.625,9065.5,9173.0,8.65625,95.75,82.1875,742.375,171.0,1.3078887,2.0398958,2.6789033
300000,8707351,69658808,30000,2.314812660217285,0.4510979950428009,1.4175173044204712,0.8034939765930176,2064.0449925999014,258.0056240749877,8880.118401578688,888.0118401578688,70.14926058817801,0.0084129935,1000.0,306.0,200.0,7.0,2230.453225044034,2041.4020432364132,28.882,26.0,0.08288669,6258.0,3732.0,10.0,81.0,15.0,1229.0,1038.0,2094.0,2046.0,2922.0,2908.0,0.18518518518518517,0.8445890968266884,0.9770773638968482,0.9952087611225188,73094.0,65928.0,9243.0,652.0,437.0,683.0,3200.0,24.0,52.0,60.0,142.0,42.0,40.0,175.0,1923.0,87.0,121.0,913.0,184.0,1109.0,4972.0,156.0,823.3125,3234.25,6534.1875,8948.5,8717.0,10.0,92.70833333333333,76.125,760.125,156.0,1.5675751,2.2580848,2.8983734
310000,8996171,71969368,31000,2.308077096939087,0.45167800784111023,1.411272406578064,0.8039533495903015,2162.7706708268333,270.34633385335417,9360.374414976599,936.0374414976599,73.5045815010047,0.008353306,1000.0,286.0,259.0,33.0,2390.282182385295,2093.6778640005514,28.5633,27.0,0.07465291,6750.0,3243.0,7.0,80.0,15.0,1125.0,943.0,1833.0,1759.0,2405.0,2381.0,0.1875,0.8382222222222222,0.9596290234588107,0.99002079002079,63473.0,57019.0,8794.0,653.0,478.0,968.0,2425.0,54.0,122.0,77.0,105.0,45.0,38.0,201.0,1699.0,40.0,167.0,1291.0,284.0,1180.0,4524.0,173.0,717.3125,3248.75,6579.8125,8786.75,9138.0,12.59375,82.41666666666667,108.875,713.0,173.0,1.1722318,1.8822204,2.559523
320000,9281804,74254432,32000,2.298403739929199,0.45320698618888855,1.4032448530197144,0.803178071975708,2003.465757428154,250.43321967851924,8767.657087189478,876.7657087189478,68.0903962855435,0.008282115,1000.0,303.0,225.0,14.0,2400.8468127930328,2283.6499974303933,28.3248,25.0,0.08774246000000001,6635.0,3356.0,9.0,79.0,15.0,1163.0,975.0,2020.0,1945.0,2731.0,2703.0,0.189873417721519,0.8383490971625107,0.9628712871287128,0.9897473452947638,66472.0,59409.0,9013.0,687.0,461.0,690.0,2902.0,31.0,88.0,33.0,84.0,55.0,49.0,150.0,2341.0,77.0,117.0,856.0,194.0,990.0,4740.0,195.0,760.34375,3097.3333333333335,6459.625,8999.25,9233.0,9.09375,109.04166666666667,72.9375,716.25,195.0,1.2721858,1.8670985,2.627686
330000,9565052,76520416,33000,2.2823119163513184,0.4568769931793213,1.3885414600372314,0.8026052117347717,2000.3782246199114,250.04727807748893,8827.856792545364,882.7856792545365,67.9854624569126,0.008291758,1000.0,328.0,208.0,22.0,2433.966965051596,2111.625984106418,27.8863,25.0,0.13144565,6727.0,3259.0,14.0,79.0,15.0,1306.0,1028.0,2138.0,2030.0,2813.0,2765.0,0.189873417721519,0.7871362940275651,0.9494855004677268,0.9829363668681124,66813.0,59863.0,8860.0,656.0,661.0,878.0,2794.0,48.0,112.0,84.0,120.0,61.0,44.0,161.0,1405.0,49.0,135.0,1101.0,236.0,1246.0,4989.0,209.0,815.1875,3005.9166666666665,6239.375,8984.5,8929.0,13.28125,69.125,92.0,779.375,209.0,1.1566293,1.8502142,2.5702946
340000,9843915,78751320,34000,2.272465944290161,0.4582419991493225,1.3798271417617798,0.802152693271637,1987.4423162583519,248.43028953229398,8908.685968819598,890.8685968819599,67.54581874282049,0.008377116,1000.0,316.0,209.0,34.0,2443.8760789007038,2085.259612340389,30.0547,27.0,0.15912172,6372.0,3603.0,25.0,81.0,15.0,1338.0,1078.0,2251.0,2114.0,2892.0,2836.0,0.18518518518518517,0.8056801195814649,0.9391381608174145,0.9806362378976486,75529.0,67827.0,9039.0,553.0,516.0,861.0,2785.0,48.0,109.0,93.0,111.0,63.0,56.0,139.0,1632.0,44.0,148.0,1046.0,290.0,1304.0,4715.0,202.0,957.21875,3367.7083333333335,6785.4375,8906.125,9275.0,13.25,77.95833333333333,92.75,752.375,202.0,1.1454632,1.8159753,2.405427
350000,10144462,81155696,35000,2.2683815956115723,0.45913100242614746,1.3772144317626953,0.801296591758728,2028.0584817244612,253.50731021555765,8434.864104967199,843.4864104967198,68.926212089666,0.008247881,1000.0,322.0,206.0,25.0,2515.6488652624153,2175.860640745051,30.2719,27.0,0.17486331,6517.0,3461.0,22.0,78.0,15.0,987.0,783.0,1607.0,1510.0,2183.0,2145.0,0.19230769230769232,0.7933130699088146,0.939639079029247,0.9825927622537792,72609.0,65458.0,8595.0,608.0,495.0,1095.0,3594.0,15.0,47.0,46.0,48.0,17.0,22.0,104.0,1228.0,57.0,81.0,917.0,189.0,1263.0,5792.0,174.0,956.71875,3440.625,6717.1875,9086.875,9359.0,5.40625,58.791666666666664,74.1875,881.875,174.0,1.2418041,1.9096531,2.5381355
360000,10447181,83577448,36000,2.2600252628326416,0.4607290029525757,1.3688774108886719,0.8018035292625427,2013.9309771309772,251.74137214137215,8316.008316008316,831.6008316008317,68.44607042379045,0.008196029,1000.0,296.0,205.0,4.0,2316.453353050969,2119.195421746456,28.9762,26.0,0.12242961000000001,6820.0,3160.0,20.0,80.0,15.0,1620.0,1321.0,2705.0,2602.0,3433.0,3397.0,0.1875,0.8154320987654321,0.9619223659889095,0.9895135450043694,72830.0,65008.0,9029.0,672.0,492.0,997.0,2557.0,36.0,75.0,87.0,124.0,41.0,36.0,130.0,1668.0,64.0,143.0,1150.0,343.0,1218.0,4718.0,167.0,811.53125,3289.5,6553.75,8842.375,9246.0,11.34375,79.08333333333333,102.25,742.0,167.0,1.3325762,2.0713732,2.719969
370000,10736943,85895544,37000,2.249480724334717,0.46188101172447205,1.3607038259506226,0.8000211715698242,2134.308337595908,266.7885421994885,9207.161125319693,920.7161125319694,72.53725199126916,0.008268448,1000.0,333.0,202.0,22.0,2463.2141678662997,2157.9835599721323,29.6407,27.0,0.15417531,6474.0,3511.0,15.0,80.0,15.0,1176.0,951.0,2134.0,2032.0,2859.0,2823.0,0.1875,0.8086734693877551,0.9522024367385192,0.9874081846799581,71399.0,63543.0,9036.0,691.0,508.0,932.0,3231.0,38.0,83.0,65.0,87.0,41.0,21.0,106.0,1412.0,57.0,112.0,905.0,247.0,1293.0,5362.0,171.0,874.53125,3413.25,6526.625,9089.5,9362.0,9.8125,66.5,79.0,831.875,171.0,1.1174794,1.673408,2.3638353
380000,11033350,88266800,38000,2.2441532611846924,0.46350499987602234,1.3560006618499756,0.8000300526618958,1990.3291210072277,248.79114012590347,8393.564933550944,839.3564933550945,67.64393056660444,0.008138463,1000.0,319.0,222.0,18.0,2548.216640789705,2121.458660952185,29.4753,27.0,0.25001033,6574.0,3403.0,23.0,77.0,15.0,897.0,691.0,1579.0,1467.0,2191.0,2146.0,0.19480519480519481,0.770345596432553,0.9290690310322989,0.9794614331355546,71541.0,64188.0,8577.0,763.0,539.0,845.0,3831.0,35.0,49.0,30.0,41.0,25.0,14.0,71.0,1207.0,45.0,87.0,667.0,158.0,1426.0,5978.0,167.0,898.09375,3313.125,6519.625,9114.0,9273.0,5.625,55.708333333333336,57.0,925.5,167.0,1.0783209,1.7631333,2.4751966
390000,11328103,90624824,39000,2.2375261783599854,0.46414199471473694,1.3500819206237793,0.7997729182243347,1991.7612388549976,248.9701548568747,8446.738620366024,844.6738620366025,67.69260295914256,0.0082486365,1000.0,319.0,201.0,6.0,2432.163467670238,2089.7785946933277,26.8777,24.0,0.14560588,7182.0,2801.0,17.0,78.0,15.0,1482.0,1243.0,2372.0,2283.0,3151.0,3120.0,0.19230769230769232,0.8387314439946019,0.9624789207419899,0.9901618533798794,64433.0,57224.0,8738.0,668.0,518.0,799.0,3259.0,23.0,61.0,42.0,73.0,20.0,35.0,148.0,1427.0,96.0,100.0,1014.0,267.0,1302.0,5244.0,148.0,600.25,3055.7083333333335,6108.125,8705.625,8857.0,6.84375,71.08333333333333,86.3125,818.25,148.0,1.3585408,2.0423985,2.7177348
400000,11596880,92775040,40000,2.2258894443511963,0.46562299132347107,1.3414826393127441,0.7972229719161987,2093.7997295104137,261.7249661888017,9737.625101433596,973.7625101433595,71.1605141222587,0.008010257,1000.0,314.0,210.0,8.0,2512.034882907557,2252.60644239757,28.9048,26.0,0.15037018,6915.0,3066.0,19.0,77.0,15.0,1182.0,949.0,2057.0,1969.0,2861.0,2818.0,0.19480519480519481,0.8028764805414551,0.9572192513368984,0.9849702901083537,68075.0,60799.0,8821.0,688.0,363.0,1053.0,3513.0,37.0,45.0,43.0,54.0,33.0,41.0,130.0,1244.0,61.0,98.0,897.0,299.0,1238.0,5617.0,163.0,894.03125,3262.7083333333335,6295.0625,9026.75,9199.0,6.625,61.5,80.875,856.875,163.0,1.1457525,1.8116812,2.4607763
410000,11885928,95087424,41000,2.2176692485809326,0.4682199954986572,1.3338173627853394,0.7973343133926392,1967.0563327032137,245.8820415879017,8506.616257088848,850.6616257088848,66.85297450837656,0.008036203,1000.0,323.0,220.0,34.0,2538.785620509866,2292.7144687061073,30.8456,28.0,0.18368753,6921.0,3062.0,17.0,78.0,15.0,1067.0,840.0,1801.0,1713.0,2391.0,2358.0,0.19230769230769232,0.7872539831302718,0.9511382565241533,0.986198243412798,69717.0,62396.0,9175.0,669.0,391.0,745.0,3933.0,24.0,62.0,31.0,77.0,36.0,19.0,67.0,1412.0,52.0,98.0,782.0,264.0,1209.0,5738.0,129.0,999.96875,3425.7916666666665,7004.5625,9148.25,8979.0,7.1875,64.58333333333333,71.5,868.375,129.0,1.0599371,1.6275982,2.2964318
420000,12194384,97555072,42000,2.2089240550994873,0.4697369933128357,1.3280378580093384,0.7948158383369446,1934.9886299281204,241.87357874101505,7841.428882596385,784.1428882596384,65.7631118132806,0.008231799,1000.0,313.0,220.0,4.0,2472.176171719132,2300.4371126402602,29.8383,27.0,0.15082502,6871.0,3115.0,14.0,81.0,15.0,1164.0,912.0,1897.0,1806.0,2544.0,2509.0,0.18518518518518517,0.7835051546391752,0.9520295202952029,0.9862421383647799,71698.0,64096.0,9146.0,715.0,558.0,776.0,3486.0,20.0,73.0,29.0,61.0,29.0,41.0,133.0,1447.0,96.0,100.0,910.0,248.0,1119.0,5535.0,159.0,891.4375,3467.5833333333335,6601.0,8985.5,9135.0,6.625,71.54166666666667,78.625,831.75,159.0,1.1763941,1.8654218,2.6182244
430000,12492767,99942136,43000,2.197972297668457,0.47252801060676575,1.318161129951477,0.7942226529121399,2020.5573477545265,252.56966846931581,8464.61321420174,846.461321420174,68.67127627021905,0.008203063,1000.0,318.0,210.0,7.0,2396.2190731174865,2279.904869980864,27.7698,24.0,0.18997591,6656.0,3334.0,10.0,80.0,15.0,1446.0,1167.0,2327.0,2228.0,3052.0,3018.0,0.1875,0.8070539419087137,0.9574559518693597,0.9888597640891219,68143.0,60737.0,8165.0,818.0,466.0,819.0,3162.0,32.0,85.0,49.0,58.0,28.0,49.0,127.0,1558.0,37.0,110.0,901.0,149.0,1385.0,5265.0,167.0,766.5625,3063.7916666666665,6326.4375,8681.5,8962.0,7.875,73.79166666666667,72.5,831.25,167.0,1.2175933,1.9100169,2.6146753
440000,12770465,102163720,44000,2.191511631011963,0.4740850031375885,1.312976598739624,0.7934108376502991,2040.7508037764735,255.0938504720592,9186.016841030874,918.6016841030875,69.35757720539158,0.008143403,1000.0,312.0,226.0,22.0,2569.4208354669745,2266.794516875898,29.1483,26.0,0.24491095999999998,6938.0,3047.0,15.0,79.0,15.0,1099.0,852.0,1822.0,1729.0,2478.0,2448.0,0.189873417721519,0.7752502274795269,0.9489571899012075,0.9878934624697336,68984.0,61752.0,8570.0,664.0,419.0,755.0,4015.0,27.0,55.0,57.0,66.0,25.0,20.0,89.0,979.0,42.0,85.0,936.0,193.0,1385.0,5853.0,188.0,918.40625,3237.4166666666665,6430.25,9020.5,9348.0,7.1875,47.083333333333336,75.875,904.75,188.0,1.1065285,1.7309537,2.4147322
450000,13061948,104495584,45000,2.1833033561706543,0.47577598690986633,1.3060595989227295,0.7925035953521729,1936.942870327642,242.11785879095524,8306.414397784956,830.6414397784957,65.82952922158782,0.00816488,1000.0,314.0,222.0,14.0,2466.818869213025,2200.7098624078253,29.8191,27.0,0.20798388,6707.0,3279.0,14.0,78.0,15.0,927.0,701.0,1595.0,1484.0,2164.0,2117.0,0.19230769230769232,0.756202804746494,0.9304075235109718,0.9782809611829945,68791.0,61562.0,8556.0,958.0,598.0,686.0,3756.0,22.0,44.0,27.0,31.0,24.0,35.0,110.0,965.0,63.0,71.0,840.0,210.0,1373.0,5998.0,187.0,830.1875,3344.125,6829.4375,9145.0,8935.0,4.625,48.875,70.0625,921.375,187.0,1.1394278,1.6850319,2.466436
460000,13360139,106881112,46000,2.175164222717285,0.4777129888534546,1.3001762628555298,0.7906103134155273,1939.4536585365852,242.43170731707315,8130.081300813008,813.0081300813008,65.91486163293658,0.008025043,1000.0,324.0,206.0,26.0,2614.6575554924148,2332.0544446000076,29.7222,27.0,0.22484634999999997,7020.0,2960.0,20.0,80.0,15.0,1015.0,788.0,1687.0,1585.0,2254.0,2214.0,0.1875,0.7763546798029557,0.939537640782454,0.9822537710736469,68478.0,61234.0,8567.0,671.0,967.0,1005.0,3364.0,42.0,90.0,82.0,83.0,39.0,32.0,190.0,759.0,73.0,121.0,794.0,189.0,1379.0,6007.0,120.0,885.21875,3280.5416666666665,6796.3125,9049.125,9028.0,10.5,43.916666666666664,69.0,923.25,120.0,1.0065337,1.6917568,2.5162582
470000,13657361,109258888,47000,2.170316696166992,0.47912201285362244,1.296077013015747,0.7901373505592346,1879.2521624588367,234.90652030735458,7903.4028540065865,790.3402854006587,63.86883528598341,0.00797323,1000.0,307.0,217.0,7.0,2423.267820069666,2337.1428057025996,27.5664,25.0,0.15247523000000002,7315.0,2668.0,17.0,80.0,15.0,1109.0,844.0,1853.0,1749.0,2520.0,2480.0,0.1875,0.7610459873760145,0.9438747976254722,0.9841269841269841,66394.0,59072.0,8285.0,725.0,633.0,801.0,3319.0,56.0,88.0,89.0,113.0,68.0,66.0,149.0,855.0,79.0,148.0,901.0,258.0,1448.0,5478.0,204.0,745.65625,3045.7916666666665,6169.375,8971.625,8221.0,12.9375,47.875,81.6875,865.75,204.0,1.2011161,1.8270725,2.6407764
480000,13933025,111464200,48000,2.1602282524108887,0.4817259907722473,1.289025902748108,0.7873402237892151,2030.4662915601025,253.8082864450128,9207.161125319693,920.7161125319694,69.00804464671428,0.00806972,1000.0,335.0,219.0,29.0,2721.435966346243,2308.450805223754,30.182,27.0,0.28952376,6806.0,3166.0,28.0,76.0,15.0,873.0,645.0,1435.0,1330.0,2039.0,2003.0,0.19736842105263158,0.738831615120275,0.926829268292683,0.9823442864149092,72429.0,64893.0,8660.0,856.0,1066.0,951.0,3205.0,19.0,31.0,18.0,43.0,27.0,11.0,81.0,756.0,72.0,96.0,678.0,166.0,1727.0,6078.0,197.0,918.1875,3453.5,6789.5,9006.125,8873.0,4.3125,38.333333333333336,58.75,975.625,197.0,0.96866494,1.600639,2.4116805
490000,14234845,113878760,49000,2.1497304439544678,0.48423299193382263,1.2793352603912354,0.7868747115135193,1913.785997357992,239.223249669749,7926.023778071334,792.6023778071334,65.04251269715192,0.008068237,1000.0,326.0,202.0,29.0,2646.4298997574133,2299.2586287378613,31.1048,29.0,0.21728702,6404.0,3570.0,26.0,78.0,15.0,941.0,724.0,1492.0,1401.0,1979.0,1937.0,0.19230769230769232,0.769394261424017,0.9390080428954424,0.9787771601819101,72219.0,64506.0,8632.0,760.0,971.0,727.0,4037.0,40.0,77.0,70.0,89.0,34.0,35.0,99.0,668.0,51.0,69.0,660.0,178.0,1273.0,6495.0,162.0,980.34375,3621.7916666666665,6965.4375,9068.5,8759.0,9.6875,35.541666666666664,56.6875,971.0,162.0,0.99138004,1.688253,2.376933
500000,14545893,116367144,50000,2.1444334983825684,0.4859449863433838,1.2742588520050049,0.78697270154953,1907.213625718544,238.401703214818,7664.466680860124,766.4466680860124,64.81914207661266,0.008130386,1000.0,317.0,209.0,18.0,2549.618517038825,2301.140192049166,31.7207,29.0,0.24987851,6801.0,3159.0,40.0,73.0,15.0,731.0,574.0,1235.0,1158.0,1677.0,1641.0,0.2054794520547945,0.7852257181942545,0.9376518218623482,0.9785330948121646,73181.0,66035.0,8446.0,1142.0,575.0,524.0,4349.0,29.0,52.0,44.0,38.0,9.0,14.0,69.0,650.0,28.0,54.0,657.0,173.0,1444.0,6590.0,149.0,1067.375,3756.0833333333335,6913.375,9203.0,8667.0,5.375,31.708333333333332,55.25,1004.25,149.0,1.0923748,1.6999767,2.4240289
510000,14863100,118904800,51000,2.1503756046295166,0.4949130117893219,1.2827445268630981,0.7846997380256653,1946.6357553803539,243.32946942254424,7670.999360750054,767.0999360750054,66.15895455962635,0.008115198,1000.0,353.0,176.0,21.0,2620.7294490309573,2344.5355288033056,30.741,28.0,0.23322545,6773.0,3198.0,29.0,78.0,15.0,827.0,586.0,1412.0,1312.0,1896.0,1850.0,0.19230769230769232,0.7085852478839177,0.9291784702549575,0.9757383966244726,72700.0,65014.0,8728.0,955.0,803.0,777.0,4151.0,10.0,25.0,25.0,32.0,8.0,16.0,43.0,703.0,16.0,78.0,649.0,151.0,1325.0,6686.0,233.0,971.0625,3552.5833333333335,6817.0,9068.0,9458.0,3.125,32.416666666666664,54.875,1001.375,233.0,0.9197582,1.5690974,2.3066087
520000,15170510,121364080,52000,2.1139514446258545,0.5033100247383118,1.2502973079681396,0.78096604347229,1880.9024856596557,235.11281070745696,7648.183556405354,764.8183556405353,63.9249236719847,0.008040537,1000.0,321.0,233.0,27.0,2622.8571552551275,2421.5170075454553,31.9766,29.0,0.27269382999999997,6755.0,3198.0,47.0,75.0,15.0,762.0,561.0,1247.0,1153.0,1688.0,1639.0,0.2,0.7362204724409449,0.9246190858059342,0.9709715639810427,75089.0,67360.0,8164.0,671.0,648.0,727.0,4541.0,18.0,19.0,29.0,41.0,13.0,11.0,42.0,651.0,27.0,65.0,637.0,150.0,1564.0,6587.0,146.0,1211.59375,3651.0416666666665,6932.25,9230.0,8614.0,3.75,30.458333333333332,53.25,1018.875,146.0,0.973953,1.5337913,2.1835263
530000,15490276,123922208,53000,2.0705044269561768,0.5125409960746765,1.2103866338729858,0.7776959538459778,1853.7159420289856,231.7144927536232,7246.376811594204,724.6376811594204,63.000953535443486,0.007940088,1000.0,329.0,185.0,15.0,2609.6268924584333,2378.7462776570765,33.1373,31.0,0.22130852,5810.0,4141.0,49.0,78.0,15.0,588.0,462.0,1075.0,1024.0,1500.0,1474.0,0.19230769230769232,0.7857142857142857,0.9525581395348838,0.9826666666666667,75699.0,68431.0,8659.0,735.0,681.0,961.0,3967.0,32.0,72.0,45.0,61.0,21.0,11.0,84.0,970.0,30.0,79.0,774.0,156.0,1171.0,6344.0,150.0,1170.3125,3968.3333333333335,7180.9375,9345.625,9023.0,7.21875,45.625,63.0625,939.375,150.0,1.0585443,1.6028416,2.3690724
540000,15821649,126573192,54000,2.0386574268341064,0.5189759731292725,1.1796575784683228,0.7767553925514221,1911.3844181854595,238.92305227318244,7210.094131784498,721.0094131784498,64.96089189731416,0.007978235,1000.0,330.0,203.0,12.0,2495.1928194073053,2421.120623807794,30.0158,26.5,0.2227138,6348.0,3626.0,26.0,77.0,15.0,695.0,536.0,1161.0,1084.0,1580.0,1543.0,0.19480519480519481,0.7712230215827338,0.9336778639104221,0.9765822784810126,67065.0,60373.0,7468.0,1129.0,578.0,832.0,3648.0,9.0,16.0,19.0,31.0,12.0,14.0,67.0,1056.0,34.0,59.0,771.0,210.0,1266.0,6187.0,249.0,952.53125,3293.625,6768.6875,9148.875,9140.0,2.71875,48.791666666666664,65.0,931.625,249.0,1.2518865,1.8841472,2.5091832
550000,16121807,128974456,55000,2.008538007736206,0.5283430218696594,1.1528408527374268,0.7735370993614197,1974.9943797121316,246.87429746401645,8224.81151473612,822.481151473612,67.12275938718794,0.007926855,1000.0,328.0,223.0,18.0,2763.1533311691037,2318.272076200779,29.4035,27.0,0.27073626000000006,7165.0,2811.0,24.0,79.0,15.0,809.0,607.0,1388.0,1294.0,1896.0,1857.0,0.189873417721519,0.7503090234857849,0.9322766570605188,0.9794303797468354,65775.0,58671.0,8447.0,909.0,634.0,621.0,4342.0,36.0,70.0,60.0,50.0,27.0,20.0,96.0,601.0,22.0,65.0,530.0,170.0,1590.0,6506.0,157.0,826.125,3286.0833333333335,6674.375,9099.625,9146.0,7.59375,30.791666666666668,47.8125,1012.0,157.0,1.0152007,1.5273771,2.2210307
560000,16415842,131326736,56000,1.983751893043518,0.5347380042076111,1.1329820156097412,0.7687420845031738,1861.9630606860158,232.74538258575197,7915.567282321899,791.5567282321899,63.28124261724538,0.008095955,1000.0,330.0,218.0,44.0,2782.6170214789013,2443.999604693219,31.3199,29.0,0.38312116,6920.0,3017.0,63.0,73.0,15.0,538.0,360.0,965.0,859.0,1403.0,1364.0,0.2054794520547945,0.6691449814126395,0.8901554404145078,0.9722024233784747,73838.0,66722.0,8231.0,744.0,882.0,687.0,5045.0,11.0,15.0,8.0,14.0,18.0,13.0,42.0,422.0,10.0,32.0,466.0,96.0,1292.0,7358.0,203.0,1130.25,3639.5833333333335,6695.375,9126.125,9546.0,2.0625,20.291666666666668,37.125,1081.25,203.0,0.91533196,1.511633,2.1595333
570000,16729041,133832328,57000,1.960653305053711,0.5402100086212158,1.1122715473175049,0.7664409875869751,1783.6921494957485,222.96151868696856,7118.845165117658,711.8845165117659,60.62110363517596,0.007923528,1000.0,344.0,203.0,31.0,2827.4287456039465,2460.8355579593567,30.0008,27.0,0.29702516,6569.0,3394.0,37.0,78.0,15.0,636.0,464.0,1192.0,1095.0,1689.0,1654.0,0.19230769230769232,0.7295597484276729,0.9186241610738255,0.9792776791000593,69681.0,62090.0,8111.0,944.0,938.0,771.0,3450.0,10.0,24.0,20.0,31.0,16.0,17.0,57.0,980.0,13.0,77.0,600.0,170.0,1625.0,6103.0,257.0,999.3125,3336.0833333333335,6609.6875,9156.625,8956.0,3.15625,44.458333333333336,52.9375,966.0,257.0,0.9307627,1.4988878,2.2494278
580000,17029049,136232392,58000,1.9432880878448486,0.5454319715499878,1.097793459892273,0.7635120749473572,1860.5147286821705,232.5643410852713,7751.937984496124,775.1937984496124,63.232019165469765,0.007904056,1000.0,347.0,195.0,20.0,2711.0500534131506,2488.6369349022934,30.835,28.0,0.30676322,7043.0,2920.0,37.0,70.0,15.0,499.0,368.0,1033.0,956.0,1502.0,1474.0,0.21428571428571427,0.7374749498997996,0.925459825750242,0.9813581890812251,73437.0,65897.0,8051.0,995.0,566.0,565.0,5301.0,6.0,20.0,27.0,38.0,11.0,4.0,51.0,392.0,16.0,33.0,415.0,126.0,1318.0,7427.0,116.0,1121.25,3527.7916666666665,6674.25,9010.625,8930.0,3.1875,19.291666666666668,35.875,1093.125,116.0,1.0057755,1.5360743,2.1437452
590000,17337399,138699192,59000,1.9218281507492065,0.5502790212631226,1.0804721117019653,0.7594181299209595,1861.735849056604,232.7169811320755,7547.169811320755,754.7169811320755,63.273520533735855,0.008057318,1000.0,319.0,199.0,12.0,2647.297902986071,2420.9020719789214,29.9184,27.0,0.26626611,7109.0,2860.0,31.0,78.0,15.0,673.0,482.0,1215.0,1098.0,1703.0,1653.0,0.19230769230769232,0.7161961367013373,0.9037037037037037,0.9706400469759249,69928.0,62846.0,8194.0,1542.0,802.0,704.0,3561.0,28.0,61.0,50.0,53.0,20.0,12.0,123.0,576.0,19.0,62.0,493.0,132.0,1600.0,6609.0,162.0,984.96875,3368.3333333333335,6609.6875,9002.625,9049.0,6.625,30.416666666666668,42.9375,1026.125,162.0,1.0995474,1.6381959,2.2859929
600000,17636583,141092664,60000,1.907581090927124,0.5540919899940491,1.0681287050247192,0.7575903534889221,1914.7776000000001,239.34720000000002,8000.0,800.0,65.0762136059904,0.0077546113,1000.0,335.0,206.0,36.0,2811.908966590712,2422.8847752775932,30.1072,27.0,0.3263940799999999,7286.0,2692.0,22.0,79.0,15.0,558.0,414.0,1109.0,1016.0,1614.0,1573.0,0.189873417721519,0.7419354838709677,0.9161406672678089,0.9745972738537795,72417.0,64725.0,8081.0,966.0,771.0,684.0,4986.0,22.0,45.0,35.0,41.0,34.0,11.0,70.0,314.0,11.0,22.0,403.0,102.0,1354.0,7407.0,129.0,1029.15625,3284.7916666666665,6814.625,8941.75,8736.0,5.53125,16.916666666666668,32.9375,1095.125,129.0,0.95186096,1.5469847,2.2333074
610000,17937655,143501240,61000,1.8910024166107178,0.5587599873542786,1.0554667711257935,0.7537559270858765,1864.704,233.088,7741.935483870967,774.1935483870967,63.374397014016004,0.007978374,1000.0,351.0,181.0,11.0,2640.446478174939,2474.5391466268884,26.4165,23.0,0.33830974999999996,7156.0,2829.0,15.0,67.0,15.0,471.0,319.0,981.0,869.0,1487.0,1434.0,0.22388059701492538,0.6772823779193206,0.8858307849133538,0.9643577673167452,58351.0,52311.0,7100.0,970.0,1252.0,577.0,4466.0,1.0,13.0,23.0,16.0,10.0,7.0,29.0,276.0,16.0,26.0,467.0,101.0,1573.0,7265.0,177.0,715.71875,2736.5833333333335,6005.125,8799.75,9104.0,1.96875,13.666666666666666,37.125,1104.75,177.0,1.240837,1.8861508,2.3948162
620000,18201820,145614560,62000,1.8703702688217163,0.5626699924468994,1.039316177368164,0.7493748664855957,1973.528404669261,246.6910505836576,9338.52140077821,933.852140077821,67.07293631372453,0.007889007,1000.0,345.0,197.0,52.0,2785.712415354147,2525.5299411370693,30.6923,28.0,0.40348583,7083.0,2879.0,38.0,62.0,15.0,526.0,345.0,994.0,884.0,1533.0,1479.0,0.24193548387096775,0.655893536121673,0.8893360160965795,0.9647749510763209,73384.0,65634.0,8487.0,1744.0,1067.0,465.0,4028.0,5.0,11.0,5.0,15.0,14.0,6.0,17.0,180.0,17.0,15.0,367.0,63.0,1717.0,7304.0,264.0,1057.09375,3489.6666666666665,6787.3125,8934.875,9268.0,1.5625,9.166666666666666,27.8125,1127.625,264.0,0.9412617,1.5432162,2.1492834
630000,18508743,148069944,63000,1.8520150184631348,0.5678579807281494,1.0254542827606201,0.7449477910995483,1869.1863818989216,233.6482977373652,7612.603087333475,761.2603087333474,63.52673660787685,0.0077283564,1000.0,346.0,192.0,28.0,2780.384652342856,2612.8647096766194,31.3057,29.0,0.40770821000000007,6805.0,3161.0,34.0,71.0,15.0,503.0,350.0,989.0,907.0,1540.0,1498.0,0.2112676056338028,0.6958250497017893,0.917087967644085,0.9727272727272728,72393.0,64301.0,8596.0,1384.0,1286.0,488.0,4719.0,5.0,16.0,12.0,24.0,10.0,5.0,16.0,215.0,15.0,25.0,386.0,75.0,1170.0,7877.0,149.0,1110.6875,3734.6666666666665,6808.125,8777.875,8730.0,2.09375,10.458333333333334,30.375,1130.875,149.0,0.94358915,1.5474472,2.1939514
640000,18821800,150574400,64000,1.8375860452651978,0.5717560052871704,1.0140020847320557,0.7420831918716431,1841.887967313585,230.23599591419813,7354.443309499489,735.444330949949,62.59896439106157,0.0078698825,1000.0,346.0,186.0,15.0,2723.6767170437593,2557.8787855798064,30.1839,27.0,0.33576915,6786.0,3179.0,35.0,80.0,15.0,607.0,413.0,1183.0,1096.0,1746.0,1713.0,0.1875,0.6803953871499177,0.926458157227388,0.9810996563573883,69498.0,62070.0,8383.0,1200.0,1268.0,641.0,4293.0,20.0,36.0,28.0,46.0,18.0,13.0,37.0,227.0,20.0,49.0,493.0,89.0,1411.0,7402.0,111.0,928.15625,3498.9583333333335,6716.1875,8963.375,8997.0,4.625,12.375,39.4375,1101.625,111.0,1.0576915,1.5863091,2.1297371
650000,19123639,152989112,65000,1.821916103363037,0.5751680135726929,1.0003242492675781,0.7403042316436768,1911.8018913569385,238.97523641961732,7917.308115240818,791.7308115240818,64.97508026743189,0.0077622607,1000.0,333.0,190.0,47.0,2881.8522645386306,2548.284588010903,31.7273,29.0,0.40218241,6649.0,3303.0,48.0,76.0,15.0,587.0,403.0,1110.0,1011.0,1596.0,1560.0,0.19736842105263158,0.686541737649063,0.9108108108108108,0.9774436090225563,76091.0,67435.0,8642.0,1341.0,1391.0,386.0,4792.0,3.0,29.0,19.0,27.0,10.0,9.0,40.0,131.0,13.0,17.0,387.0,88.0,1044.0,7910.0,273.0,1128.5625,3714.9583333333335,6832.8125,9136.875,9580.0,2.75,8.041666666666666,30.75,1119.25,273.0,0.93449163,1.5164431,2.1278195
660000,19440912,155527296,66000,1.8139995336532593,0.5766810178756714,0.9930366277694702,0.7397639155387878,1838.5236217303823,229.81545271629778,7243.460764587525,724.3460764587526,62.48462271930978,0.0077668102,1000.0,336.0,204.0,33.0,2745.776420134831,2602.2663741484635,30.6875,28.0,0.41427869,7274.0,2685.0,41.0,76.0,15.0,598.0,411.0,1184.0,1091.0,1720.0,1670.0,0.19736842105263158,0.6872909698996655,0.9214527027027027,0.9709302325581395,73383.0,65258.0,8247.0,1330.0,1159.0,521.0,4885.0,10.0,17.0,28.0,32.0,17.0,13.0,39.0,148.0,27.0,31.0,329.0,88.0,1013.0,7895.0,313.0,1132.1875,3556.625,6488.5625,9037.0,9173.0,3.25,9.458333333333334,28.0,1113.5,313.0,0.96240956,1.5517747,2.124498
670000,19747787,157982296,67000,1.8007599115371704,0.5805829763412476,0.9831148386001587,0.7365760207176208,1873.2513777024164,234.15642221280206,7630.351844001696,763.0351844001696,63.66489079101315,0.0077577713,1000.0,353.0,178.0,39.0,2853.361850290726,2549.8401896457817,33.0099,31.0,0.37124809,7226.0,2745.0,29.0,79.0,15.0,554.0,372.0,963.0,861.0,1338.0,1298.0,0.189873417721519,0.6714801444043321,0.8940809968847352,0.9701046337817638,73213.0,65707.0,8353.0,1467.0,1283.0,524.0,4322.0,9.0,29.0,28.0,29.0,11.0,5.0,45.0,175.0,16.0,27.0,334.0,79.0,1463.0,7596.0,154.0,1131.65625,4025.375,7137.5625,9210.625,9391.0,3.3125,10.041666666666666,27.5,1132.375,154.0,0.9248913,1.4624943,2.0618196
680000,20077886,160623088,68000,1.791469931602478,0.582942008972168,0.9744924306869507,0.736072838306427,1835.6538327862522,229.45672909828153,6951.148870438309,695.1148870438309,62.38708919983874,0.0077137006,1000.0,349.0,205.0,51.0,2849.008536265363,2653.443422073585,33.728,33.0,0.44955744000000003,6604.0,3366.0,30.0,67.0,15.0,481.0,324.0,859.0,782.0,1261.0,1223.0,0.22388059701492538,0.6735966735966736,0.910360884749709,0.9698651863600317,75412.0,67730.0,8714.0,1500.0,1448.0,324.0,5263.0,3.0,13.0,8.0,21.0,8.0,8.0,21.0,109.0,8.0,17.0,229.0,65.0,851.0,8535.0,104.0,1284.875,4077.0,7202.0625,9237.375,9184.0,1.65625,6.083333333333333,19.4375,1173.25,104.0,0.8926683,1.4229478,1.9769634
690000,20415166,163321328,69000,1.7775461673736572,0.5863850116729736,0.9628592729568481,0.7338666915893555,1867.6531436262258,233.45664295327822,6921.745818111902,692.1745818111901,63.47462750583657,0.0077005094,1000.0,354.0,195.0,41.0,2942.4153547545784,2650.6673874842513,33.4295,33.0,0.39256347999999996,6382.0,3587.0,31.0,71.0,15.0,641.0,421.0,1150.0,1039.0,1653.0,1590.0,0.2112676056338028,0.656786271450858,0.9034782608695652,0.9618874773139746,74567.0,66788.0,9018.0,1583.0,1322.0,651.0,3455.0,3.0,15.0,22.0,18.0,5.0,11.0,24.0,78.0,24.0,30.0,283.0,68.0,2130.0,7011.0,278.0,1202.90625,3977.4583333333335,7232.3125,9418.625,9277.0,1.96875,5.708333333333333,23.8125,1142.625,278.0,1.0201422,1.5667495,2.1836405
700000,20749461,165995688,70000,1.7722159624099731,0.5879089832305908,0.9572688341140747,0.7341364026069641,1898.5793729047525,237.32242161309406,7099.191480970223,709.9191480970223,64.52569573567028,0.007719105,1000.0,343.0,187.0,47.0,2971.3511457151194,2583.3213325291845,32.1411,30.0,0.42261885999999993,6795.0,3179.0,26.0,73.0,15.0,653.0,426.0,1157.0,1043.0,1659.0,1603.0,0.2054794520547945,0.6523736600306279,0.9014693171996543,0.9662447257383966,73263.0,65192.0,8795.0,1904.0,1496.0,510.0,3412.0,11.0,21.0,20.0,18.0,14.0,7.0,17.0,112.0,11.0,17.0,275.0,86.0,1803.0,7322.0,266.0,1064.09375,3817.0,6985.6875,9321.25,9411.0,2.625,6.125,23.625,1140.625,266.0,0.99164075,1.6206397,2.1664534
710000,21070872,168566976,71000,1.7616304159164429,0.5904949903488159,0.9495853185653687,0.7313385009765625,1855.7812349639132,231.97265437048915,7217.321571772253,721.7321571772253,63.07114520897898,0.007585557,1000.0,352.0,198.0,64.0,2857.6096276969943,2670.258169272509,34.3166,34.0,0.42941381,7039.0,2924.0,37.0,61.0,15.0,395.0,266.0,742.0,671.0,1108.0,1077.0,0.2459016393442623,0.6734177215189874,0.9043126684636119,0.9720216606498195,74144.0,66520.0,8567.0,1212.0,1439.0,278.0,5791.0,2.0,8.0,9.0,10.0,2.0,5.0,10.0,64.0,10.0,5.0,137.0,28.0,873.0,8720.0,117.0,1317.3125,4135.416666666667,7458.4375,9118.125,9482.0,0.96875,3.7083333333333335,10.625,1199.125,117.0,0.9790597,1.5234667,2.0547109
720000,21414038,171312304,72000,1.754571795463562,0.5930430293083191,0.942179799079895,0.7317733764648438,1807.458083394294,225.93226042428674,6583.760058522312,658.3760058522312,61.42881988949583,0.007736065,1000.0,358.0,193.0,60.0,2917.4176710641555,2668.3422712308006,34.6803,35.0,0.40972815,6642.0,3303.0,55.0,68.0,15.0,399.0,263.0,750.0,678.0,1143.0,1117.0,0.22058823529411764,0.6591478696741855,0.904,0.9772528433945756,71069.0,63698.0,8732.0,1132.0,1654.0,460.0,4674.0,6.0,9.0,10.0,16.0,4.0,10.0,33.0,59.0,14.0,12.0,261.0,70.0,1424.0,7920.0,152.0,1312.28125,4263.416666666667,7383.9375,9363.0,9441.0,1.40625,4.833333333333333,21.4375,1168.0,152.0,0.9310167,1.4705518,1.9942673
730000,21760841,174086728,73000,1.7403757572174072,0.5963169932365417,0.9304535984992981,0.7294167876243591,1775.0002488004266,221.87503110005332,6397.725253243291,639.7725253243291,60.32569805580693,0.0077403253,1000.0,354.0,191.0,51.0,2948.240903819841,2674.0502736736717,32.7936,31.0,0.42060021,6431.0,3542.0,27.0,75.0,15.0,446.0,299.0,919.0,821.0,1361.0,1323.0,0.2,0.6704035874439462,0.8933623503808488,0.9720793534166055,70580.0,62910.0,8105.0,917.0,1553.0,421.0,4457.0,7.0,26.0,17.0,22.0,18.0,11.0,19.0,60.0,23.0,24.0,215.0,55.0,1967.0,7348.0,188.0,1083.875,3840.75,7234.6875,9455.5,9675.0,2.8125,4.708333333333333,18.375,1164.375,188.0,0.91688186,1.4313744,1.9735273
740000,22088777,176710216,74000,1.7335588932037354,0.5984249711036682,0.9234815835952759,0.7296739220619202,1693.4833781603013,211.68542227003766,6455.083378160301,645.5083378160301,57.55524090910296,0.00781477,1000.0,345.0,200.0,64.0,2890.1458391099764,2596.4905606333455,33.7505,33.0,0.40169063999999993,6257.0,3697.0,46.0,58.0,15.0,347.0,225.0,701.0,629.0,1126.0,1091.0,0.25862068965517243,0.6484149855907781,0.8972895863052782,0.9689165186500888,71170.0,63776.0,8584.0,1639.0,1505.0,518.0,3653.0,5.0,2.0,9.0,13.0,4.0,3.0,13.0,56.0,7.0,2.0,169.0,32.0,2120.0,7315.0,250.0,1242.09375,3991.5416666666665,7292.125,9447.125,9710.0,1.03125,3.2916666666666665,12.6875,1179.375,250.0,0.96510214,1.4554832,1.9556658
750000,22426282,179410256,75000,1.7257450819015503,0.6006879806518555,0.9146129488945007,0.7307319045066833,1773.7489051094892,221.71861313868615,6569.343065693431,656.9343065693431,60.28316950871825,0.0076827044,1000.0,343.0,211.0,65.0,3012.6483387192766,2773.744930305375,34.1332,32.0,0.38458290999999994,6333.0,3614.0,53.0,66.0,15.0,473.0,310.0,887.0,772.0,1254.0,1187.0,0.22727272727272727,0.6553911205073996,0.8703494926719278,0.9465709728867624,80683.0,71988.0,8342.0,1597.0,1529.0,1014.0,2349.0,2.0,11.0,7.0,7.0,5.0,3.0,9.0,62.0,3.0,11.0,233.0,135.0,2649.0,6489.0,374.0,1393.90625,4031.3333333333335,7201.0625,9391.375,9627.0,1.0,3.2083333333333335,23.6875,1142.25,374.0,0.96323127,1.4647928,2.0171843
760000,22767614,182140912,76000,1.7227182388305664,0.6032620072364807,0.9107816815376282,0.7315518856048584,1843.3080067504218,230.41350084380272,6750.421901368835,675.0421901368836,62.64722628305389,0.007623492,1000.0,362.0,190.0,78.0,2996.238439014969,2675.684872090258,34.5125,33.0,0.38044661,6323.0,3611.0,66.0,57.0,15.0,306.0,201.0,570.0,480.0,873.0,826.0,0.2631578947368421,0.6568627450980392,0.8421052631578947,0.9461626575028637,76253.0,68544.0,8353.0,1619.0,1826.0,1055.0,2711.0,4.0,7.0,8.0,9.0,4.0,3.0,9.0,63.0,6.0,13.0,141.0,42.0,2265.0,7211.0,215.0,1277.21875,4259.166666666667,7264.25,9492.5,9866.0,1.0,3.375,12.25,1184.5,215.0,0.893578,1.3798693,1.8815129
770000,23112739,184901912,77000,1.7190347909927368,0.6041430234909058,0.9065418839454651,0.732077956199646,1810.4918032786886,226.31147540983608,6557.377049180328,655.7377049180328,61.53192481573771,0.007781725,1000.0,364.0,190.0,51.0,2973.633380993328,2679.282957657769,32.8307,28.0,0.35021773,7477.0,2479.0,44.0,70.0,15.0,307.0,223.0,513.0,464.0,737.0,719.0,0.21428571428571427,0.7263843648208469,0.9044834307992202,0.9755766621438263,69230.0,62990.0,6592.0,1101.0,1886.0,443.0,4768.0,5.0,11.0,4.0,14.0,8.0,12.0,20.0,67.0,6.0,8.0,253.0,64.0,1206.0,8198.0,124.0,1272.3125,3570.9583333333335,7133.8125,9739.75,9831.0,1.3125,4.375,20.3125,1175.5,124.0,0.92006123,1.4167446,2.0024483
780000,23441046,187528368,78000,1.7099529504776,0.607725977897644,0.8980618715286255,0.7314095497131348,1756.5003901170353,219.5625487646294,6687.720601894855,668.7720601894855,59.696956234636154,0.0077539296,1000.0,362.0,200.0,80.0,3044.7767343198466,2743.8328638682133,33.553,32.0,0.4003364,6490.0,3466.0,44.0,54.0,14.0,349.0,226.0,658.0,585.0,964.0,909.0,0.25925925925925924,0.6475644699140402,0.8890577507598785,0.9429460580912863,73911.0,66541.0,8689.0,1974.0,2117.0,1055.0,2668.0,1.0,6.0,5.0,8.0,8.0,0.0,8.0,51.0,4.0,7.0,151.0,31.0,1649.0,7814.0,257.0,1265.875,3864.0416666666665,7285.375,9510.625,9634.0,0.875,2.625,11.8125,1182.875,257.0,0.9616748,1.3644664,1.8460562
790000,23776576,190212608,79000,1.7067358493804932,0.60828697681427,0.8941490650177002,0.7321790456771851,1833.6364326375713,229.2045540796964,6831.119544592031,683.111954459203,62.318525225096025,0.007573926,1000.0,380.0,178.0,61.0,3037.516577988888,2738.734980287663,35.1521,33.0,0.4822078799999999,6825.0,3135.0,40.0,49.0,15.0,267.0,175.0,475.0,421.0,690.0,653.0,0.30612244897959184,0.6554307116104869,0.8863157894736842,0.946376811594203,72956.0,66035.0,8398.0,1953.0,2206.0,450.0,3451.0,2.0,2.0,4.0,7.0,1.0,2.0,4.0,40.0,4.0,8.0,111.0,25.0,1399.0,8060.0,331.0,1342.25,4130.166666666667,7657.8125,9648.875,9729.0,0.5,2.0833333333333335,9.0,1182.375,331.0,0.8352857,1.2296231,1.6690391
800000,24128097,193024776,80000,1.6996698379516602,0.6113190054893494,0.8864189386367798,0.7327920198440552,1724.374859478794,215.54685743484924,6131.834440470107,613.1834440470108,58.60512818420358,0.0075640664,1000.0,372.0,181.0,60.0,3017.7399351661065,2752.900086963328,33.2213,31.0,0.4226628699999999,6723.0,3241.0,36.0,59.0,15.0,341.0,232.0,593.0,523.0,871.0,816.0,0.2542372881355932,0.6803519061583577,0.8819561551433389,0.9368541905855339,67349.0,60780.0,8063.0,1401.0,2429.0,380.0,2971.0,2.0,9.0,8.0,11.0,9.0,2.0,13.0,42.0,9.0,10.0,161.0,33.0,2139.0,7181.0,371.0,1100.6875,3852.375,7390.25,9562.0,9794.0,1.21875,2.75,12.75,1165.0,371.0,0.97000915,1.4623812,2.0289526
810000,24460310,195682480,81000,1.692697525024414,0.6121349930763245,0.8793333172798157,0.732951283454895,1801.493955940501,225.18674449256264,6778.384485031068,677.8384485031067,61.22612124075648,0.0075633056,1000.0,371.0,181.0,67.0,3056.7920933385717,2643.8263421670167,33.4252,31.0,0.41317107,7399.0,2552.0,49.0,51.0,14.0,228.0,152.0,408.0,364.0,646.0,606.0,0.27450980392156865,0.6666666666666666,0.8921568627450981,0.9380804953560371,70337.0,63702.0,7673.0,1563.0,2257.0,375.0,3344.0,0.0,6.0,3.0,6.0,2.0,1.0,10.0,28.0,9.0,7.0,98.0,29.0,1985.0,7539.0,277.0,1281.8125,3934.875,7009.875,9596.5,9867.0,0.53125,2.0,8.375,1190.5,277.0,0.8527879,1.3140917,1.8483841
820000,24794562,198356496,82000,1.6837775707244873,0.6152459979057312,0.8723945617675781,0.7310012578964233,1792.3026624464717,224.03783280580896,6702.6624464717925,670.2662446471793,60.91374314591517,0.007666734,1000.0,352.0,193.0,102.0,3143.3880249485455,2865.330685008648,34.78,33.0,0.40875100999999997,5900.0,4034.0,66.0,50.0,15.0,285.0,193.0,515.0,450.0,827.0,796.0,0.3,0.6771929824561403,0.8737864077669902,0.9625151148730351,75383.0,67992.0,8799.0,1981.0,2263.0,567.0,2200.0,2.0,6.0,5.0,6.0,4.0,3.0,14.0,40.0,4.0,5.0,157.0,21.0,2381.0,7011.0,341.0,1313.53125,4173.416666666667,7428.6875,9618.875,9795.0,0.71875,2.5416666666666665,11.4375,1174.0,341.0,0.97278863,1.3917469,1.9221458
830000,25142362,201138896,83000,1.6837260723114014,0.6157050132751465,0.8700833320617676,0.7332684397697449,1870.870377288009,233.85879716100112,6723.94471423235,672.394471423235,63.58396938710497,0.007704267,1000.0,384.0,194.0,123.0,3167.9080866866466,2753.0854524410997,36.9949,36.0,0.4366496999999999,6175.0,3763.0,62.0,53.0,15.0,196.0,142.0,354.0,307.0,505.0,472.0,0.2830188679245283,0.7244897959183674,0.867231638418079,0.9346534653465347,72386.0,66282.0,8707.0,1443.0,2363.0,362.0,4456.0,3.0,3.0,4.0,8.0,5.0,1.0,12.0,49.0,4.0,6.0,79.0,59.0,761.0,8624.0,382.0,1504.65625,4492.166666666667,7874.6875,9755.875,9946.0,0.71875,2.75,9.0,1173.125,382.0,0.8781272,1.2132872,1.7196445
840000,25512311,204098488,84000,1.6824277639389038,0.6172069907188416,0.8671911358833313,0.7348403930664062,1725.1507772020725,215.64384715025906,5829.015544041451,582.9015544041451,58.63149875982591,0.007581122,1000.0,352.0,186.0,80.0,3033.370271493234,2757.1033870387937,34.9383,33.0,0.40371349,5866.0,4053.0,81.0,38.0,13.0,201.0,133.0,380.0,325.0,596.0,552.0,0.34210526315789475,0.6616915422885572,0.8552631578947368,0.9261744966442953,71863.0,65475.0,7467.0,2166.0,2234.0,1164.0,3177.0,0.0,3.0,0.0,4.0,2.0,1.0,3.0,31.0,5.0,3.0,130.0,42.0,670.0,8741.0,365.0,1316.90625,3994.75,7732.3125,9743.25,9705.0,0.28125,1.6666666666666667,10.9375,1176.375,365.0,0.8182864,1.1498241,1.6120936
850000,25861694,206893552,85000,1.6733992099761963,0.6203489899635315,0.8568058013916016,0.7361404299736023,1720.0393846153845,215.00492307692306,6153.846153846154,615.3846153846154,58.457781417511384,0.0074885483,1000.0,360.0,205.0,85.0,3170.5045187540914,2744.116961150726,34.8284,33.0,0.40112399,6529.0,3400.0,71.0,55.0,15.0,229.0,165.0,432.0,382.0,655.0,630.0,0.2727272727272727,0.7205240174672489,0.8842592592592593,0.9618320610687023,69257.0,62824.0,8055.0,1810.0,1111.0,618.0,4389.0,3.0,5.0,3.0,9.0,3.0,4.0,15.0,42.0,5.0,10.0,123.0,47.0,1328.0,7928.0,475.0,1339.84375,4033.3333333333335,7589.5625,9663.625,9867.0,0.71875,2.75,11.25,1157.0,475.0,0.8996963,1.2649707,1.7906277
860000,26209978,209679824,86000,1.6713303327560425,0.6213269829750061,0.8531139492988586,0.7377304434776306,1747.7921589127025,218.4740198640878,6272.869837950862,627.2869837950863,59.40099564162342,0.0075580697,1000.0,377.0,183.0,108.0,3140.10291259644,2828.159541178481,33.9651,31.0,0.44029327,6659.0,3275.0,66.0,47.0,15.0,275.0,175.0,526.0,452.0,795.0,763.0,0.3191489361702128,0.6363636363636364,0.8593155893536122,0.959748427672956,69939.0,63061.0,8249.0,2016.0,1731.0,1144.0,2528.0,1.0,4.0,5.0,2.0,1.0,4.0,8.0,18.0,1.0,4.0,86.0,27.0,1983.0,7419.0,437.0,1263.3125,4047.375,7275.75,9533.5,9408.0,0.40625,1.2916666666666667,7.3125,1175.25,437.0,0.8875295,1.2409222,1.7826729
870000,26549629,212397032,87000,1.667280673980713,0.6229599714279175,0.8481417298316956,0.7385509610176086,1744.9070281840884,218.11337852301105,6421.6910453085975,642.1691045308597,59.302940711600996,0.0074940845,1000.0,373.0,166.0,60.0,3060.9220825130915,2832.6280220361805,37.3295,37.0,0.42845933999999997,5825.0,4101.0,74.0,42.0,14.0,275.0,189.0,508.0,446.0,755.0,722.0,0.3333333333333333,0.6872727272727273,0.8779527559055118,0.9562913907284768,79777.0,72514.0,8261.0,2288.0,2294.0,1044.0,2377.0,0.0,3.0,5.0,3.0,2.0,1.0,3.0,29.0,1.0,6.0,43.0,22.0,1492.0,8003.0,387.0,1766.03125,4519.333333333333,7595.0625,9720.375,9034.0,0.40625,1.4166666666666667,4.4375,1186.875,387.0,0.9908389,1.4434322,1.9746727
880000,26922924,215383392,88000,1.662624716758728,0.624783992767334,0.8430824875831604,0.7388843297958374,1834.6238907849831,229.3279863481229,6143.344709897611,614.3344709897611,62.35208527788124,0.0075878827,1000.0,369.0,194.0,136.0,3076.3784629455477,2723.073131343594,31.4102,25.0,0.3993084,7568.0,2398.0,34.0,58.0,15.0,256.0,178.0,419.0,372.0,621.0,592.0,0.25862068965517243,0.6953125,0.8878281622911695,0.9533011272141707,60927.0,55267.0,6216.0,601.0,1810.0,1150.0,4308.0,6.0,6.0,10.0,13.0,1.0,2.0,11.0,67.0,4.0,10.0,59.0,24.0,1529.0,7869.0,389.0,1178.78125,3412.75,6873.875,9343.25,9747.0,1.125,3.5,5.8125,1174.75,389.0,0.8710681,1.2405065,1.7384429
890000,27237026,217896208,89000,1.6519511938095093,0.6273850202560425,0.8342087864875793,0.7371635437011719,1667.7982300884958,208.47477876106197,6637.168141592921,663.7168141592921,56.68229765844956,0.007414404,1000.0,346.0,220.0,101.0,3127.9278511896787,2812.949322388915,34.772,33.0,0.41032849,7080.0,2872.0,48.0,55.0,14.0,279.0,191.0,485.0,427.0,690.0,653.0,0.2545454545454545,0.6845878136200717,0.8804123711340206,0.946376811594203,70454.0,63585.0,7869.0,1159.0,2238.0,682.0,4292.0,0.0,5.0,4.0,11.0,3.0,4.0,16.0,50.0,10.0,12.0,66.0,46.0,1038.0,8371.0,364.0,1365.78125,4195.333333333333,7290.5625,9604.75,9840.0,0.71875,3.3333333333333335,7.75,1176.125,364.0,0.9207684,1.1712862,1.6179909
900000,27584746,220677968,90000,1.6492608785629272,0.6298230290412903,0.8306201100349426,0.7380422353744507,1681.103911364781,210.13798892059762,6043.310391136478,604.3310391136478,57.1345085872325,0.007627066,1000.0,360.0,186.0,133.0,3127.0374327804484,2779.864077480821,32.2635,29.0,0.42007159999999993,7590.0,2345.0,65.0,41.0,14.0,232.0,156.0,436.0,380.0,658.0,628.0,0.34146341463414637,0.6724137931034483,0.8715596330275229,0.9544072948328267,67829.0,61387.0,6478.0,1836.0,2133.0,258.0,3451.0,1.0,1.0,3.0,5.0,1.0,1.0,8.0,68.0,0.0,4.0,38.0,25.0,1823.0,7678.0,344.0,1281.40625,3451.7916666666665,6983.125,9651.125,9848.0,0.34375,3.2083333333333335,4.1875,1187.625,344.0,0.8569157,1.1612835,1.5417275
910000,27907381,223259048,91000,1.6415226459503174,0.6313419938087463,0.8253829479217529,0.7355412840843201,1687.2867259851098,210.91084074813872,6537.134556019611,653.7134556019612,57.344639604494645,0.007749371,1000.0,382.0,181.0,69.0,3157.882200090954,2847.3043635887143,35.6819,35.0,0.36297952000000006,7057.0,2847.0,96.0,52.0,15.0,297.0,191.0,544.0,459.0,829.0,776.0,0.28846153846153844,0.6430976430976431,0.84375,0.9360675512665863,80194.0,72515.0,8184.0,875.0,1864.0,856.0,5005.0,2.0,3.0,1.0,4.0,1.0,6.0,16.0,88.0,8.0,11.0,55.0,35.0,813.0,8600.0,357.0,1571.625,4258.208333333333,7348.375,9614.25,9842.0,0.34375,4.916666666666667,6.3125,1176.625,357.0,0.9447308,1.3403734,1.8756827
920000,28264200,226113600,92000,1.6398206949234009,0.6328210234642029,0.8239569664001465,0.7352837324142456,1790.3113588850172,223.78891986062715,6271.77700348432,627.177700348432,60.8460660977193,0.007532111,1000.0,386.0,194.0,80.0,3184.1322048125944,2937.9032979550075,37.0475,36.0,0.40396045999999997,6512.0,3373.0,115.0,45.0,14.0,197.0,140.0,393.0,342.0,598.0,565.0,0.3111111111111111,0.7106598984771574,0.8702290076335878,0.9448160535117057,76684.0,69728.0,8789.0,1494.0,2542.0,256.0,4690.0,2.0,0.0,3.0,4.0,2.0,1.0,4.0,40.0,3.0,3.0,23.0,18.0,776.0,8982.0,139.0,1547.15625,4674.333333333333,7545.9375,9771.875,9872.0,0.34375,2.0,2.75,1219.75,139.0,0.947119,1.3984079,1.8706061
930000,28634675,229077400,93000,1.6338235139846802,0.6356269717216492,0.8167793154716492,0.7365140914916992,1757.483116455279,219.68538955690988,5929.830340965244,592.9830340965244,59.73035547071652,0.007533149,1000.0,350.0,215.0,112.0,3123.3961934641025,2810.9500966744004,34.5069,32.0,0.39481837999999997,7376.0,2543.0,81.0,34.0,14.0,154.0,115.0,284.0,258.0,431.0,405.0,0.4117647058823529,0.7467532467532467,0.9084507042253521,0.9396751740139211,67774.0,61885.0,7877.0,644.0,1490.0,179.0,6491.0,2.0,1.0,0.0,1.0,1.0,2.0,4.0,39.0,1.0,4.0,11.0,14.0,926.0,8804.0,190.0,1342.84375,4118.958333333333,7278.125,9618.5,9845.0,0.15625,1.9166666666666667,1.8125,1216.25,190.0,0.85639197,1.2068901,1.6797235
940000,28979744,231837952,94000,1.6269192695617676,0.638608992099762,0.8117865920066833,0.7347472906112671,1648.911100049776,206.113887506222,5973.1209556993535,597.3120955699353,56.04039391526611,0.007585457,1000.0,359.0,199.0,111.0,3126.7501090321366,2837.041154526951,33.7069,32.0,0.39185064000000003,5589.0,4363.0,48.0,28.0,11.0,177.0,106.0,360.0,309.0,550.0,521.0,0.39285714285714285,0.5988700564971752,0.8583333333333333,0.9472727272727273,56584.0,51616.0,6924.0,531.0,974.0,612.0,6934.0,0.0,1.0,1.0,0.0,0.0,0.0,4.0,56.0,2.0,2.0,15.0,11.0,656.0,9051.0,201.0,1076.65625,3866.0416666666665,7604.0,9806.875,9712.0,0.0625,2.5833333333333335,1.75,1213.375,201.0,0.8808664,1.2126353,1.6898681
950000,29316813,234534504,95000,1.6273969411849976,0.6414530277252197,0.8081927299499512,0.738793671131134,1663.3973954763535,207.9246744345442,6168.60863605209,616.860863605209,56.53272955546758,0.007524626,1000.0,367.0,191.0,75.0,3132.4592143663535,2855.883245473831,33.2316,31.0,0.43611163999999997,6671.0,3262.0,67.0,33.0,11.0,212.0,136.0,474.0,405.0,755.0,713.0,0.3333333333333333,0.6415094339622641,0.8544303797468354,0.9443708609271523,64149.0,58226.0,7859.0,454.0,1095.0,754.0,5478.0,0.0,0.0,0.0,0.0,1.0,1.0,6.0,49.0,2.0,2.0,34.0,16.0,1858.0,7781.0,250.0,1182.5,3880.3333333333335,7118.3125,9719.0,9703.0,0.03125,2.4166666666666665,3.25,1204.875,250.0,0.9083532,1.297368,1.7467229
960000,29649129,237193032,96000,1.6212973594665527,0.6428719758987427,0.8034016489982605,0.7374517321586609,1637.416732249786,204.67709153122325,6159.110350727117,615.9110350727117,55.649742836927835,0.0075102313,1000.0,371.0,184.0,112.0,3185.8585363748643,2878.402608414819,32.1516,30.0,0.44417727999999995,6391.0,3570.0,39.0,31.0,12.0,252.0,167.0,507.0,444.0,766.0,729.0,0.3870967741935484,0.6626984126984127,0.8757396449704142,0.9516971279373369,62552.0,56348.0,7601.0,1959.0,1910.0,196.0,3502.0,0.0,1.0,1.0,5.0,0.0,0.0,8.0,30.0,2.0,1.0,26.0,16.0,1982.0,7567.0,361.0,1116.625,3775.5833333333335,6856.0625,9498.875,9482.0,0.21875,1.6666666666666667,2.6875,1193.625,361.0,0.84182715,1.2121985,1.670771
970000,29970645,239765160,97000,1.6207269430160522,0.6438959836959839,0.7994018793106079,0.740928590297699,1649.6812399786213,206.21015499732766,6413.682522715126,641.3682522715126,56.06656812501038,0.0075137354,1000.0,371.0,210.0,114.0,3239.3533171428776,2890.039964638991,35.551,35.0,0.39635690000000007,7102.0,2820.0,78.0,29.0,12.0,202.0,130.0,439.0,376.0,699.0,665.0,0.41379310344827586,0.6435643564356436,0.856492027334852,0.9513590844062947,73256.0,66321.0,8311.0,1817.0,2675.0,356.0,3139.0,1.0,1.0,1.0,1.0,0.0,0.0,4.0,22.0,0.0,4.0,25.0,12.0,1585.0,7987.0,357.0,1400.46875,4419.0,7422.25,9530.5,9639.0,0.125,1.0833333333333333,2.5625,1196.5,357.0,0.8238503,1.1329329,1.5677
980000,30326155,242609240,98000,1.6174198389053345,0.6460800170898438,0.7953378558158875,0.7417097091674805,1636.618925831202,204.57736572890025,5754.475703324808,575.4475703324808,55.62262834545268,0.0076261526,1000.0,369.0,201.0,77.0,3241.0812521611215,2956.6302940201826,35.9453,35.0,0.36599565,6764.0,3043.0,193.0,28.0,12.0,203.0,134.0,431.0,378.0,660.0,627.0,0.42857142857142855,0.6600985221674877,0.877030162412993,0.95,86643.0,78430.0,7567.0,425.0,1340.0,612.0,5765.0,0.0,0.0,0.0,2.0,1.0,1.0,2.0,27.0,1.0,3.0,12.0,12.0,1673.0,8142.0,124.0,1728.125,4472.458333333333,6883.875,9625.5,9668.0,0.09375,1.2916666666666667,1.6875,1226.875,124.0,0.9233556,1.2179607,1.704798
990000,30685608,245484864,99000,1.6193195581436157,0.6468870043754578,0.7962852120399475,0.7425984740257263,1793.5284823284824,224.1910602910603,6237.006237006237,623.7006237006237,60.95540423307443,0.0075410106,1000.0,374.0,190.0,81.0,3203.9657646778896,2955.2945643020917,30.055,25.0,0.405279,8328.0,1582.0,90.0,28.0,13.0,147.0,107.0,287.0,248.0,453.0,419.0,0.4642857142857143,0.7278911564625851,0.8641114982578397,0.9249448123620309,53581.0,49242.0,5032.0,1012.0,1604.0,216.0,6389.0,0.0,1.0,2.0,0.0,1.0,1.0,3.0,26.0,1.0,2.0,22.0,5.0,614.0,9221.0,101.0,1121.3125,3119.7916666666665,6573.8125,9339.5,9896.0,0.125,1.2916666666666667,1.8125,1229.375,101.0,0.90091974,1.1832062,1.6000286
1000000,30986158,247889264,100000,1.5996384620666504,0.6506140232086182,0.7855013012886047,0.7338017225265503,1560.7356653443924,195.09195816804905,6491.164803461955,649.1164803461955,53.043636786036785,0.0076873293,1000.0,363.0,195.0,117.0,3291.1737176836864,2839.029949007274,28.5892,25.0,0.45248046,5045.0,4892.0,63.0,26.0,10.0,164.0,107.0,384.0,337.0,610.0,586.0,0.38461538461538464,0.6524390243902439,0.8776041666666666,0.9606557377049181,58014.0,52696.0,5879.0,636.0,1511.0,83.0,6828.0,0.0,0.0,0.0,2.0,0.0,1.0,6.0,7.0,2.0,0.0,23.0,4.0,578.0,9058.0,319.0,1074.8125,3052.875,5874.5625,9317.375,9697.0,0.0625,0.6666666666666666,1.6875,1204.5,319.0,0.8254816,1.1745794,1.6829695
1010000,31272050,250176400,101000,1.598198652267456,0.651593029499054,0.7814736366271973,0.7364717125892639,1629.4655848011082,203.68319810013853,7124.480506629725,712.4480506629725,55.37951272258824,0.0076030116,1000.0,383.0,178.0,95.0,3201.1653297271114,2942.2235623439237,32.7018,29.0,0.37712575,6797.0,3072.0,131.0,22.0,9.0,185.0,121.0,391.0,349.0,613.0,594.0,0.4090909090909091,0.654054054054054,0.8925831202046036,0.9690048939641109,76476.0,69110.0,7262.0,1459.0,2960.0,704.0,3454.0,0.0,0.0,0.0,0.0,0.0,1.0,3.0,11.0,0.0,1.0,32.0,6.0,952.0,8577.0,417.0,1513.125,3794.4166666666665,6538.25,9137.875,9817.0,0.0,0.625,2.4375,1191.125,417.0,0.8513622,1.2170948,1.6584483
1020000,31599068,252792544,102000,1.5953152179718018,0.6524040102958679,0.7799605131149292,0.7350754737854004,1704.9454018826937,213.1181752353367,6517.016654598117,651.7016654598117,57.9447927317874,0.0077015297,1000.0,369.0,202.0,119.0,3282.853998252795,2926.778673175124,29.044,23.0,0.373574,7861.0,2046.0,93.0,27.0,8.0,166.0,104.0,316.0,271.0,489.0,471.0,0.2962962962962963,0.6265060240963856,0.8575949367088608,0.9631901840490797,59741.0,54456.0,5487.0,877.0,1871.0,209.0,6089.0,0.0,0.0,1.0,0.0,0.0,0.0,0.0,30.0,0.0,3.0,42.0,13.0,649.0,9046.0,216.0,1160.4375,3092.6666666666665,5943.5625,9269.5,9829.0,0.03125,1.25,3.625,1211.875,216.0,0.9634874,1.3112086,1.7448702
1030000,31889508,255116064,103000,1.5887788534164429,0.6547430157661438,0.7764170169830322,0.7320654392242432,1755.8085642317383,219.47607052896728,7556.675062972293,755.6675062972292,59.673443629783385,0.0076602073,1000.0,353.0,212.0,123.0,3241.152236791112,3003.3140245016057,28.9905,25.0,0.39236677,7893.0,2013.0,94.0,18.0,7.0,171.0,117.0,319.0,284.0,487.0,472.0,0.3888888888888889,0.6842105263157895,0.890282131661442,0.9691991786447639,59840.0,54426.0,5918.0,401.0,2108.0,135.0,5847.0,0.0,0.0,0.0,0.0,0.0,0.0,1.0,24.0,0.0,0.0,32.0,2.0,1320.0,8491.0,130.0,1082.3125,3233.5416666666665,6079.5625,8923.0,9009.0,0.0,1.0416666666666667,2.125,1226.375,130.0,0.8969076,1.2269486,1.5843731
1040000,32179413,257435304,104000,1.5800206661224365,0.6552559733390808,0.7722139358520508,0.7275745272636414,1752.574307304786,219.07178841309826,7556.675062972293,755.6675062972292,59.56352319064988,0.007570638,1000.0,325.0,232.0,121.0,3302.735583787599,2975.918523163061,33.5559,31.0,0.41841153000000003,7061.0,2845.0,94.0,22.0,9.0,207.0,125.0,460.0,394.0,793.0,764.0,0.4090909090909091,0.6038647342995169,0.8565217391304348,0.9634300126103404,70140.0,63073.0,8177.0,1656.0,1033.0,690.0,4546.0,0.0,0.0,0.0,0.0,0.0,0.0,1.0,19.0,1.0,2.0,18.0,5.0,1626.0,7925.0,403.0,1314.28125,3900.2083333333335,7144.4375,9489.0,9674.0,0.0,0.875,1.5625,1193.875,403.0,0.83841634,1.1270916,1.5266466
1050000,32514972,260119776,105000,1.5747097730636597,0.6566479802131653,0.7698467969894409,0.7247551679611206,1612.5645252794927,201.5705656599366,6007.008176205573,600.7008176205574,54.80510817576453,0.007608334,1000.0,357.0,220.0,94.0,3211.106339416245,2985.110466429576,34.1271,32.0,0.43215154999999994,6902.0,3023.0,75.0,19.0,9.0,191.0,114.0,421.0,357.0,681.0,644.0,0.47368421052631576,0.5968586387434555,0.8479809976247031,0.9456681350954479,68253.0,61726.0,8014.0,685.0,1258.0,531.0,6331.0,0.0,0.0,0.0,1.0,0.0,0.0,0.0,11.0,1.0,1.0,17.0,4.0,837.0,8805.0,323.0,1352.9375,4010.4583333333335,7162.5,9684.25,9652.0,0.03125,0.5,1.375,1205.25,323.0,0.83144647,1.1750238,1.5884119
1060000,32856243,262849944,106000,1.573136806488037,0.6574400067329407,0.7669528722763062,0.7261484861373901,1660.517790167258,207.56472377090725,6082.108464267612,608.2108464267612,56.43486241403264,0.007579389,1000.0,380.0,194.0,106.0,3310.14014324906,3003.7907516870096,31.4774,29.0,0.4121773799999999,7128.0,2800.0,72.0,18.0,6.0,177.0,109.0,435.0,375.0,743.0,716.0,0.3333333333333333,0.615819209039548,0.8620689655172413,0.9636608344549125,63023.0,56791.0,7636.0,1441.0,532.0,972.0,5769.0,0.0,0.0,0.0,0.0,0.0,0.0,0.0,25.0,0.0,0.0,15.0,7.0,860.0,8714.0,379.0,1155.4375,3461.0416666666665,6837.5,9461.875,9640.0,0.0,1.0416666666666667,1.375,1196.75,379.0,0.8081645,1.0227402,1.3844423
1070000,33171017,265368136,107000,1.5713255405426025,0.6584749817848206,0.7656307220458984,0.7256280779838562,1568.4240830449826,196.05301038062282,6228.3737024221455,622.8373702422145,53.304937687288025,0.0075689545,1000.0,362.0,201.0,89.0,3398.103079680326,2937.5968334093077,32.0025,27.0,0.4516415500000001,7507.0,2379.0,114.0,18.0,6.0,179.0,107.0,387.0,331.0,642.0,612.0,0.3333333333333333,0.5977653631284916,0.8552971576227391,0.9532710280373832,63359.0,57328.0,6317.0,639.0,1098.0,175.0,6730.0,0.0,0.0,0.0,0.0,0.0,0.0,0.0,14.0,0.0,0.0,27.0,2.0,1009.0,8642.0,306.0,1366.625,3494.875,6726.1875,9416.75,9463.0,0.0,0.5833333333333334,1.8125,1206.375,306.0,0.9297966,1.254912,1.6850725
1080000,33491042,267928336,108000,1.5637530088424683,0.6601859927177429,0.7608025074005127,0.7229541540145874,1596.5217391304348,199.56521739130434,6235.92586177031,623.592586177031,54.259873168695655,0.0075527746,1000.0,355.0,205.0,90.0,3280.66753960224,3005.0242828386326,32.519,30.0,0.42580961000000006,7105.0,2836.0,59.0,18.0,6.0,147.0,90.0,374.0,319.0,638.0,603.0,0.3333333333333333,0.6122448979591837,0.8529411764705882,0.945141065830721,59913.0,54110.0,7317.0,657.0,1429.0,111.0,6571.0,0.0,0.0,0.0,0.0,0.0,0.0,0.0,6.0,0.0,0.0,32.0,2.0,1076.0,8768.0,116.0,1126.5,3652.9583333333335,7186.375,9657.125,9232.0,0.0,0.25,2.125,1230.5,116.0,0.9789194,1.2813642,1.637225
1090000,33816232,270529856,109000,1.5598678588867188,0.662693977355957,0.7570716142654419,0.7227656245231628,1653.2165931156221,206.65207413945276,6354.810238305384,635.4810238305384,56.18672171147185,0.0075199804,1000.0,330.0,231.0,101.0,3271.924695696939,3006.367080770101,35.8386,33.0,0.41751424000000004,7083.0,2806.0,111.0,18.0,7.0,118.0,79.0,294.0,259.0,520.0,505.0,0.3888888888888889,0.6694915254237288,0.8809523809523809,0.9711538461538461,67029.0,61005.0,7663.0,686.0,921.0,58.0,7585.0,0.0,0.0,0.0,0.0,0.0,0.0,0.0,5.0,1.0,0.0,19.0,3.0,518.0,9250.0,204.0,1492.28125,4487.833333333333,7202.5625,9731.25,9834.0,0.0,0.25,1.375,1221.0,204.0,0.8024329,1.1417428,1.4888195
1100000,34174618,273396944,110000,1.5569124221801758,0.6639900207519531,0.7548355460166931,0.7220870852470398,1620.3323076923077,202.54153846153847,5651.49136577708,565.1491365777081,55.06910639025231,0.0074665328,1000.0,368.0,185.0,88.0,3306.51889367174,3058.4460247085276,31.9414,29.0,0.43354804,7737.0,2166.0,97.0,20.0,7.0,179.0,117.0,369.0,316.0,565.0,528.0,0.35,0.6536312849162011,0.8563685636856369,0.9345132743362832,59665.0,54153.0,6788.0,819.0,547.0,41.0,6842.0,0.0,0.0,0.0,1.0,0.0,0.0,0.0,9.0,0.0,0.0,242.0,8.0,1149.0,8249.0,342.0,1181.09375,3709.375,6632.25,9572.375,9899.0,0.03125,0.375,15.625,1174.75,342.0,0.9141324,1.186262,1.580376
1110000,34494032,275952256,111000,1.5487042665481567,0.6660280227661133,0.7468066811561584,0.7219160795211792,1571.6936955407486,196.46171194259358,6150.691952844695,615.0691952844695,53.41605973153133,0.0075976253,1000.0,336.0,220.0,90.0,3269.2099213809342,3038.698772049645,29.3545,25.0,0.38073644999999995,6963.0,2985.0,52.0,15.0,6.0,145.0,94.0,347.0,310.0,603.0,581.0,0.4,0.6482758620689655,0.8933717579250721,0.9635157545605307,55698.0,50435.0,6129.0,293.0,774.0,1022.0,6596.0,0.0,0.0,0.0,0.0,1.0,0.0,0.0,4.0,0.0,0.0,150.0,0.0,635.0,8685.0,525.0,980.59375,3017.125,6680.25,9191.5,9339.0,0.03125,0.16666666666666666,9.375,1165.0,525.0,0.81288624,1.1358949,1.4816041
1120000,34787577,278300616,112000,1.5444509983062744,0.6685640215873718,0.7428594827651978,0.7217258810997009,1639.025979061652,204.8782473827065,6979.449398991857,697.9449398991858,55.70443518828694,0.007692064,1000.0,364.0,199.0,72.0,3318.875044292138,3056.784048414758,30.0586,26.0,0.37449603,7910.0,2008.0,82.0,20.0,8.0,159.0,101.0,373.0,329.0,581.0,551.0,0.4,0.6352201257861635,0.8820375335120644,0.9483648881239243,58304.0,52456.0,6663.0,739.0,2405.0,146.0,6137.0,0.0,0.0,1.0,0.0,0.0,0.0,0.0,12.0,0.0,1.0,42.0,6.0,351.0,9427.0,160.0,1007.28125,3263.125,6638.4375,9326.625,9210.0,0.03125,0.5,3.0625,1222.25,160.0,0.8375539,1.1394454,1.4717634
1130000,35088163,280705304,113000,1.5401465892791748,0.6692429780960083,0.742191731929779,0.7181278467178345,1685.5289719626169,210.6911214953271,7009.345794392523,700.9345794392523,57.28490004192897,0.0075524966,1000.0,364.0,192.0,113.0,3314.602027118753,3055.136863454775,30.5317,25.0,0.45231828999999996,4690.0,5151.0,159.0,18.0,6.0,131.0,84.0,259.0,231.0,395.0,374.0,0.3333333333333333,0.6412213740458015,0.8918918918918919,0.9468354430379747,55611.0,50742.0,5690.0,812.0,625.0,37.0,7752.0,0.0,0.0,0.0,0.0,0.0,0.0,0.0,4.0,0.0,0.0,43.0,5.0,627.0,9226.0,95.0,1060.0,3188.3333333333335,6661.125,9801.75,9885.0,0.0,0.16666666666666666,3.0,1231.625,95.0,0.8983939,1.197382,1.5886706
1140000,35393480,283147840,114000,1.538940191268921,0.6715930104255676,0.7367287874221802,0.7223960161209106,1664.1047691143074,208.01309613928842,6813.020439061317,681.3020439061316,56.55677057096866,0.007533576,1000.0,366.0,203.0,109.0,3407.983440063861,3021.5772805222173,36.0293,35.0,0.42086747,7204.0,2697.0,99.0,17.0,7.0,143.0,92.0,269.0,236.0,396.0,379.0,0.4117647058823529,0.6433566433566433,0.8773234200743495,0.9570707070707071,64316.0,58781.0,8345.0,349.0,1303.0,34.0,7083.0,0.0,0.0,0.0,0.0,1.0,0.0,0.0,5.0,0.0,0.0,78.0,2.0,953.0,8769.0,192.0,1334.78125,4382.541666666667,7744.1875,9815.125,9971.0,0.03125,0.20833333333333334,5.0,1215.25,192.0,0.862168,1.2075788,1.6324055
1150000,35753773,286030184,115000,1.5342787504196167,0.673321008682251,0.7334703803062439,0.7210437059402466,1635.888128645751,204.48601608071888,5675.547848021441,567.554784802144,55.59779125014561,0.007628767,1000.0,351.0,212.0,99.0,3376.1553927772734,3087.442092204747,33.4159,30.0,0.42496411,4901.0,5005.0,94.0,18.0,7.0,119.0,80.0,225.0,199.0,364.0,349.0,0.3888888888888889,0.6722689075630253,0.8844444444444445,0.9587912087912088,56796.0,52136.0,6497.0,566.0,975.0,17.0,6466.0,0.0,0.0,0.0,0.0,0.0,0.0,0.0,5.0,1.0,0.0,59.0,4.0,1636.0,8024.0,271.0,1303.09375,3708.125,7183.5625,9828.375,9901.0,0.0,0.25,3.9375,1207.5,271.0,0.89627385,1.2233142,1.5580871
1160000,36087932,288703456,116000,1.5291774272918701,0.6763169765472412,0.7274654507637024,0.7219564914703369,1665.8783451618488,208.2347931452311,6231.608101090532,623.1608101090532,56.61704786568752,0.007631994,1000.0,353.0,214.0,105.0,3394.615712861307,3032.208713149094,33.6517,32.0,0.40160861000000003,6234.0,3689.0,77.0,17.0,6.0,122.0,81.0,230.0,204.0,350.0,334.0,0.35294117647058826,0.6639344262295082,0.8869565217391304,0.9542857142857143,54707.0,49978.0,7752.0,1529.0,684.0,30.0,6642.0,0.0,0.0,0.0,0.0,0.0,0.0,0.0,4.0,0.0,0.0,49.0,4.0,945.0,8885.0,113.0,1164.15625,3895.4166666666665,7377.125,9730.375,9897.0,0.0,0.16666666666666666,3.3125,1228.75,113.0,0.941184,1.2135199,1.5738711
1170000,36424449,291395592,117000,1.5271433591842651,0.6785969734191895,0.7242911458015442,0.7230992913246155,1629.6770808811164,203.70963511013954,6053.472338994451,605.3472338994451,55.386700692658216,0.0077226018,1000.0,351.0,206.0,81.0,3337.1859119757137,3108.2015619309077,31.8098,31.0,0.3701876,7618.0,2322.0,60.0,17.0,7.0,136.0,92.0,251.0,220.0,418.0,401.0,0.4117647058823529,0.6764705882352942,0.8764940239043825,0.9593301435406698,58254.0,52858.0,7387.0,334.0,2603.0,55.0,4293.0,0.0,0.0,0.0,1.0,0.0,0.0,0.0,3.0,0.0,0.0,239.0,3.0,2308.0,7285.0,161.0,1059.65625,3737.0,6707.6875,9662.5,9878.0,0.03125,0.125,15.125,1199.125,161.0,0.93441546,1.1196061,1.5281975
1180000,36742547,293940376,118000,1.5196653604507446,0.6793180108070374,0.7182319164276123,0.7216413617134094,1658.1398009049774,207.26747511312217,6515.837104072398,651.5837104072398,56.35404334805604,0.007568612,1000.0,377.0,185.0,75.0,3270.1188996172787,3050.8264504201907,31.834,29.0,0.39370866,7235.0,2690.0,75.0,19.0,8.0,161.0,107.0,320.0,288.0,567.0,549.0,0.42105263157894735,0.6645962732919255,0.9,0.9682539682539683,60078.0,54119.0,7779.0,303.0,1923.0,297.0,5176.0,0.0,0.0,0.0,0.0,0.0,0.0,1.0,4.0,1.0,0.0,70.0,2.0,1852.0,7699.0,371.0,1099.34375,3580.375,6884.0625,9649.125,9894.0,0.0,0.25,4.5,1193.875,371.0,1.0024732,1.2252923,1.6475089
1190000,37060887,296487096,119000,1.5141257047653198,0.6811400055885315,0.7162595391273499,0.7180973291397095,1690.3008849557523,211.28761061946904,6637.168141592921,663.7168141592921,57.44707972757522,0.007342306,1000.0,353.0,225.0,77.0,3424.3058290508307,3085.5116895702363,31.841,31.0,0.4056997,7945.0,1994.0,61.0,18.0,6.0,155.0,93.0,298.0,270.0,471.0,459.0,0.3333333333333333,0.6,0.9060402684563759,0.9745222929936306,56041.0,50877.0,6985.0,641.0,2354.0,59.0,5901.0,0.0,0.0,0.0,0.0,0.0,0.0,0.0,11.0,0.0,0.0,51.0,6.0,584.0,8955.0,393.0,1126.90625,3501.125,6884.0625,9779.0,9945.0,0.0,0.4583333333333333,3.5625,1192.375,393.0,0.90451884,1.1685956,1.5683962
1200000,37379297,299034376,120000,1.5030561685562134,0.6838080286979675,0.7097678184509277,0.7136430740356445,1637.829612430791,204.72870155384888,6429.719592784426,642.9719592784426,55.66377510827505,0.007697786,1000.0,359.0,229.0,109.0,3404.0835665498853,3104.2149433073023,33.1184,32.0,0.4201276000000001,8087.0,1840.0,73.0,16.0,6.0,122.0,79.0,255.0,234.0,389.0,378.0,0.375,0.6475409836065574,0.9176470588235294,0.9717223650385605,53131.0,48575.0,7158.0,394.0,2020.0,42.0,6867.0,0.0,0.0,0.0,0.0,0.0,0.0,0.0,2.0,0.0,0.0,76.0,4.0,421.0,9323.0,174.0,1186.625,3623.3333333333335,7416.125,9703.75,9964.0,0.0,0.08333333333333333,5.0,1218.0,174.0,0.8897855,1.1231914,1.5090843
1210000,37710481,301683848,121000,1.489534854888916,0.6873540282249451,0.702055037021637,0.7078717350959778,1553.1833903273084,194.14792379091355,5862.237420615535,586.2237420615535,52.78696287141456,0.007677801,1000.0,348.0,219.0,76.0,3388.215136249375,3084.985851811243,30.795,25.0,0.41444179000000003,8272.0,1652.0,76.0,17.0,7.0,119.0,74.0,254.0,217.0,427.0,403.0,0.4117647058823529,0.6218487394957983,0.8543307086614174,0.9437939110070258,50016.0,45528.0,4966.0,315.0,1204.0,30.0,7109.0,0.0,0.0,0.0,0.0,0.0,0.0,0.0,1.0,0.0,2.0,29.0,2.0,1080.0,8658.0,228.0,1080.4375,3509.625,6572.0625,9261.875,9897.0,0.0,0.041666666666666664,2.0625,1217.25,228.0,0.889345,1.1731128,1.5620421
1220000,38018431,304147448,122000,1.4766515493392944,0.6895220279693604,0.6943086981773376,0.7029262781143188,1458.4706462752836,182.30883078441045,5920.078934385791,592.0078934385791,49.56802675938825,0.007544589,1000.0,374.0,196.0,96.0,3408.2463297983854,3183.941643927592,32.5876,29.0,0.41453027000000003,7141.0,2740.0,119.0,15.0,8.0,101.0,67.0,212.0,186.0,350.0,336.0,0.5333333333333333,0.6633663366336634,0.8773584905660378,0.96,56022.0,50996.0,6890.0,524.0,2049.0,61.0,6718.0,0.0,0.0,0.0,0.0,0.0,1.0,0.0,1.0,1.0,0.0,17.0,1.0,533.0,9352.0,94.0,1294.4375,3568.0833333333335,6954.1875,9721.25,9783.0,0.0,0.125,1.125,1235.625,94.0,0.9323812,1.1622052,1.5422896
1230000,38344307,306754456,123000,1.4709728956222534,0.691070020198822,0.6906260848045349,0.7011160850524902,1483.3615931721195,185.42019914651493,5689.900426742532,568.9900426742532,50.41397804747198,0.0076676193,1000.0,370.0,195.0,81.0,3441.761898864517,3127.5438080640533,29.858,29.0,0.45013912999999994,8311.0,1618.0,71.0,18.0,6.0,142.0,82.0,274.0,242.0,465.0,449.0,0.3333333333333333,0.5774647887323944,0.8832116788321168,0.9655913978494624,49988.0,45330.0,5973.0,619.0,2555.0,76.0,5860.0,0.0,0.0,0.0,0.0,0.0,0.0,0.0,9.0,0.0,0.0,21.0,9.0,436.0,9110.0,415.0,926.90625,3140.4583333333335,6640.875,9685.625,9809.0,0.0,0.375,1.875,1193.25,415.0,0.952943,1.1759847,1.54892
1240000,38642887,309143096,124000,1.4562236070632935,0.694579005241394,0.6845343112945557,0.6926442980766296,1466.6730342827905,183.3341292853488,6140.201262152482,614.0201262152482,49.84679561173734,0.007610824,1000.0,375.0,195.0,75.0,3372.127326076494,3137.0396850112484,27.4689,23.0,0.4430295,8998.0,919.0,83.0,19.0,8.0,122.0,72.0,252.0,220.0,405.0,395.0,0.42105263157894735,0.5901639344262295,0.873015873015873,0.9753086419753086,40506.0,37116.0,4616.0,534.0,1219.0,92.0,7697.0,0.0,0.0,0.0,0.0,0.0,0.0,1.0,3.0,1.0,0.0,24.0,6.0,229.0,9542.0,194.0,740.78125,2448.5416666666665,6624.125,9827.0,7617.0,0.0,0.20833333333333334,1.875,1221.375,194.0,0.9826724,1.2786759,1.6856623
1250000,38917576,311340608,125000,1.4385720491409302,0.6971189975738525,0.6778491735458374,0.6818627715110779,1604.0233576642336,200.5029197080292,7299.2700729927,729.92700729927,54.51482545667737,0.007606387,1000.0,371.0,203.0,113.0,3378.0571278884017,3161.313321756658,30.4814,29.0,0.41583464000000003,7426.0,2494.0,80.0,18.0,7.0,77.0,52.0,152.0,137.0,259.0,253.0,0.3888888888888889,0.6753246753246753,0.9013157894736842,0.9768339768339769,46252.0,42544.0,6328.0,174.0,1481.0,20.0,7780.0,0.0,0.0,0.0,0.0,0.0,0.0,0.0,3.0,0.0,1.0,26.0,8.0,332.0,9455.0,175.0,986.03125,3200.1666666666665,6819.9375,9686.5,9846.0,0.0,0.125,2.1875,1223.375,175.0,0.9091158,1.1425579,1.5327678
1260000,39222390,313779120,126000,1.427531123161316,0.6990900039672852,0.6707290410995483,0.6782132983207703,1531.7820973652067,191.47276217065084,6281.626243238527,628.1626243238528,52.05961202281152,0.0076912255,1000.0,386.0,187.0,66.0,3469.7759371657467,3119.9061959965065,30.5429,29.0,0.4101891,6895.0,3019.0,86.0,17.0,7.0,98.0,59.0,241.0,213.0,360.0,351.0,0.4117647058823529,0.6020408163265306,0.8838174273858921,0.975,47926.0,43818.0,6545.0,660.0,1084.0,192.0,7633.0,0.0,1.0,0.0,0.0,0.0,0.0,0.0,5.0,0.0,0.0,29.0,1.0,278.0,9569.0,117.0,976.03125,3135.6666666666665,6925.4375,9790.0,9813.0,0.03125,0.20833333333333334,1.875,1230.875,117.0,0.89248204,1.129248,1.5233529
1270000,39527819,316222552,127000,1.4183905124664307,0.7027810215950012,0.6662179231643677,0.6738062500953674,1516.6129655172413,189.57662068965516,6206.896551724138,620.6896551724137,51.544069296410484,0.0077426326,1000.0,366.0,220.0,101.0,3493.5004934547524,3088.5192868595095,30.7867,27.0,0.48446623,7499.0,2419.0,82.0,17.0,6.0,111.0,74.0,215.0,193.0,331.0,325.0,0.35294117647058826,0.6666666666666666,0.8976744186046511,0.9818731117824774,54393.0,49353.0,6945.0,378.0,1325.0,46.0,7627.0,0.0,0.0,0.0,0.0,0.0,0.0,0.0,4.0,0.0,0.0,34.0,9.0,196.0,9376.0,381.0,1061.96875,3287.25,6745.25,9648.375,9879.0,0.0,0.16666666666666666,2.6875,1196.5,381.0,0.955313,1.2062837,1.524493
1280000,39835686,318685488,128000,1.4157776832580566,0.7044100165367126,0.6637362241744995,0.6738126873970032,1657.612563095906,207.20157038698824,6730.2299495232755,673.0229949523275,56.33612448359664,0.007527365,1000.0,351.0,220.0,78.0,3486.0579957595696,3198.5085806599304,32.4339,31.0,0.41411806000000007,7598.0,2221.0,181.0,16.0,6.0,91.0,65.0,195.0,180.0,309.0,305.0,0.375,0.7142857142857143,0.9230769230769231,0.9870550161812298,55943.0,51085.0,6893.0,407.0,779.0,15.0,8461.0,0.0,0.0,0.0,0.0,0.0,0.0,0.0,1.0,0.0,0.0,34.0,6.0,158.0,9662.0,139.0,1166.40625,3555.2916666666665,7174.8125,9670.125,9529.0,0.0,0.041666666666666664,2.5,1227.5,139.0,0.85981816,1.0621322,1.4086013
1290000,40160025,321280200,129000,1.4059909582138062,0.7053220272064209,0.6598520278930664,0.6680946350097656,1585.363747454175,198.17046843177187,6109.979633401222,610.9979633401222,53.88065427155682,0.0075244755,1000.0,374.0,208.0,127.0,3562.3654655930886,3166.27940443524,30.2051,26.0,0.43697104,7261.0,2649.0,90.0,17.0,8.0,121.0,76.0,231.0,204.0,358.0,352.0,0.47058823529411764,0.628099173553719,0.8831168831168831,0.9832402234636871,51541.0,46651.0,6529.0,514.0,1113.0,25.0,8025.0,0.0,0.0,0.0,0.0,0.0,0.0,0.0,2.0,1.0,1.0,18.0,2.0,212.0,9677.0,87.0,1035.46875,3185.5416666666665,6662.0625,9493.375,9923.0,0.0,0.125,1.3125,1236.125,87.0,0.82771736,1.083576,1.453077
1300000,40462076,323696608,130000,1.4003379344940186,0.7073270082473755,0.6565076112747192,0.6658166646957397,1586.8421743889091,198.35527179861364,6566.9463699379785,656.6946369937979,53.93090053880248,0.007648867,1000.0,378.0,203.0,96.0,3570.2234276657036,3174.507284654327,32.5283,28.0,0.45878172000000006,7426.0,2473.0,101.0,14.0,6.0,94.0,64.0,216.0,190.0,353.0,345.0,0.42857142857142855,0.6808510638297872,0.8796296296296297,0.9773371104815864,56261.0,51141.0,6988.0,513.0,753.0,18.0,8426.0,0.0,0.0,0.0,0.0,0.0,0.0,1.0,0.0,0.0,0.0,25.0,1.0,189.0,9710.0,74.0,1234.1875,3653.875,7158.625,9329.5,8922.0,0.0,0.041666666666666664,1.625,1237.375,74.0,0.92153394,1.1315277,1.4859993
1310000,40787359,326298872,131000,1.3942950963974,0.7081440091133118,0.6553344130516052,0.6609368324279785,1684.9191366906473,210.6148920863309,6474.820143884892,647.4820143884892,57.264173994985896,0.007695702,1000.0,344.0,213.0,89.0,3514.1618079345653,3171.059792678942,34.5064,33.0,0.46984840000000005,7518.0,2338.0,144.0,16.0,7.0,132.0,81.0,240.0,212.0,388.0,377.0,0.4375,0.6136363636363636,0.8833333333333333,0.9716494845360825,64997.0,58536.0,8056.0,321.0,3433.0,18.0,5539.0,0.0,0.0,0.0,0.0,0.0,0.0,0.0,1.0,1.0,0.0,22.0,4.0,254.0,9311.0,407.0,1342.75,4060.0,7408.0,9547.75,9746.0,0.0,0.08333333333333333,1.625,1195.625,407.0,0.9130991,1.1878632,1.5662143
1320000,41132423,329059384,132000,1.3897453546524048,0.7084829807281494,0.65298992395401,0.6588637232780457,1680.67701674277,210.08462709284626,6088.2800608828,608.8280060882801,57.120000016832876,0.0075423527,1000.0,370.0,177.0,119.0,3439.543328610975,3158.1718224125125,34.279,33.0,0.43108458,7724.0,2234.0,42.0,17.0,7.0,106.0,65.0,213.0,188.0,329.0,321.0,0.4117647058823529,0.6132075471698113,0.8826291079812206,0.9756838905775076,42178.0,38912.0,6837.0,351.0,800.0,3.0,8562.0,0.0,0.0,0.0,0.0,0.0,0.0,0.0,5.0,1.0,0.0,14.0,3.0,187.0,9716.0,74.0,1037.125,4356.041666666667,7279.875,9829.0,9947.0,0.0,0.25,1.0625,1237.875,74.0,0.91594887,1.1724749,1.5236686
1330000,41475213,331801704,133000,1.380791425704956,0.71151202917099,0.6473523378372192,0.6556789875030518,1513.9322189848183,189.2415273731023,5520.62567090937,552.0625670909369,51.45296062981261,0.00763432,1000.0,339.0,224.0,94.0,3611.506344195413,3245.0020225503376,32.2098,29.0,0.45039362,7805.0,2130.0,65.0,18.0,6.0,106.0,61.0,179.0,158.0,327.0,317.0,0.3333333333333333,0.5754716981132075,0.88268156424581,0.9694189602446484,49413.0,45158.0,6606.0,314.0,2451.0,24.0,6846.0,0.0,0.0,0.0,0.0,0.0,0.0,0.0,3.0,0.0,0.0,17.0,4.0,182.0,9635.0,159.0,1009.96875,3613.3333333333335,7253.1875,9630.375,9965.0,0.0,0.125,1.3125,1227.125,159.0,0.863183,1.1180676,1.5272418
1340000,41797311,334378488,134000,1.3700388669967651,0.7132899761199951,0.6428645253181458,0.6496136784553528,1516.0030070272921,189.50037587841152,5883.314267037098,588.3314267037098,51.52333906174369,0.0075322515,1000.0,386.0,198.0,116.0,3605.377660464988,3234.7059504036365,31.2505,29.0,0.44697142,8121.0,1751.0,128.0,18.0,7.0,143.0,85.0,332.0,275.0,567.0,551.0,0.3888888888888889,0.5944055944055944,0.8283132530120482,0.9717813051146384,59203.0,53147.0,7503.0,557.0,890.0,25.0,8217.0,0.0,0.0,0.0,0.0,0.0,0.0,0.0,3.0,1.0,0.0,38.0,2.0,194.0,9689.0,73.0,1064.5625,3357.5833333333335,7011.4375,9481.875,9819.0,0.0,0.16666666666666666,2.5,1235.375,73.0,0.8675443,1.1292585,1.5576323
1350000,42109816,336878528,135000,1.3613733053207397,0.7144439816474915,0.6412850022315979,0.6425319910049438,1598.3207245604688,199.7900905700586,6393.1806073521575,639.3180607352158,54.32101403441236,0.0076389294,1000.0,350.0,233.0,108.0,3620.9424587139297,3195.4618479567653,31.4981,27.0,0.4525015699999999,7986.0,1913.0,101.0,16.0,6.0,84.0,51.0,212.0,185.0,393.0,382.0,0.375,0.6071428571428571,0.8726415094339622,0.9720101781170484,53549.0,48684.0,7526.0,684.0,652.0,5.0,8472.0,0.0,0.0,0.0,0.0,0.0,0.0,0.0,4.0,0.0,0.0,13.0,5.0,120.0,9813.0,45.0,1064.78125,3448.5833333333335,6966.1875,9598.625,9894.0,0.0,0.16666666666666666,1.125,1241.625,45.0,0.9445761,1.1320232,1.5228639
1360000,42424797,339398376,136000,1.3556666374206543,0.7144629955291748,0.6404597163200378,0.6377440094947815,1633.3188332733166,204.16485415916458,6481.814908174289,648.1814908174289,55.51047039655225,0.007690706,1000.0,378.0,195.0,89.0,3508.6782779067507,3226.3462673695353,29.5617,27.0,0.43657274000000007,8073.0,1855.0,72.0,15.0,6.0,108.0,75.0,231.0,208.0,385.0,372.0,0.4,0.6944444444444444,0.9004329004329005,0.9662337662337662,48077.0,43360.0,6906.0,585.0,510.0,14.0,8637.0,0.0,0.0,0.0,0.0,0.0,0.0,0.0,3.0,0.0,0.0,22.0,5.0,159.0,9746.0,65.0,949.6875,3251.9166666666665,6492.8125,9210.0,9616.0,0.0,0.125,1.6875,1238.125,65.0,0.8393981,1.1074678,1.5421275
1370000,42720414,341763312,137000,1.343764305114746,0.7159489989280701,0.6367158889770508,0.6296941041946411,1555.3104859335037,194.41381074168797,6576.543660942638,657.6543660942638,52.85925498932379,0.0075027365,1000.0,362.0,185.0,121.0,3658.6720829693413,3194.395807070593,29.7126,27.0,0.44582042,8597.0,1364.0,39.0,18.0,6.0,125.0,80.0,286.0,243.0,452.0,440.0,0.3333333333333333,0.64,0.8496503496503497,0.9734513274336283,47425.0,42951.0,6185.0,771.0,497.0,44.0,8419.0,0.0,0.0,0.0,0.0,0.0,0.0,0.0,2.0,0.0,0.0,8.0,6.0,201.0,9731.0,52.0,955.03125,3184.7916666666665,6636.125,9255.375,9909.0,0.0,0.08333333333333333,0.875,1241.5,52.0,0.8296865,1.0824429,1.4631048
1380000,43017540,344140320,138000,1.3345729112625122,0.7176010012626648,0.6346889734268188,0.6225849986076355,1549.1000724112962,193.63750905141202,6517.016654598117,651.7016654598117,52.648185987392324,0.007913774,1000.0,365.0,197.0,105.0,3499.1052169606833,3188.771486680164,31.324,29.0,0.46029639,7407.0,2516.0,77.0,15.0,6.0,105.0,61.0,299.0,252.0,534.0,514.0,0.4,0.580952380952381,0.842809364548495,0.9625468164794008,54765.0,49403.0,7548.0,566.0,577.0,20.0,8652.0,0.0,0.0,0.0,0.0,0.0,0.0,1.0,0.0,0.0,0.0,4.0,5.0,138.0,9815.0,37.0,1122.53125,3607.9166666666665,6582.0,9458.375,9750.0,0.0,0.041666666666666664,0.5625,1244.125,37.0,0.9232604,1.1677933,1.533431
1390000,43330780,346646240,139000,1.3346747159957886,0.7177609801292419,0.6338480114936829,0.6235839128494263,1655.8942731277532,206.98678414096915,6607.929515418502,660.7929515418501,56.277726158378854,0.007716544,1000.0,363.0,203.0,131.0,3677.0197034908488,3240.9171148081623,26.9507,25.0,0.46160678000000005,8288.0,1657.0,55.0,18.0,7.0,99.0,65.0,223.0,195.0,354.0,343.0,0.3888888888888889,0.6565656565656566,0.874439461883408,0.9689265536723164,42467.0,38560.0,6153.0,319.0,322.0,4.0,9226.0,0.0,0.0,0.0,0.0,0.0,0.0,0.0,9.0,1.0,0.0,14.0,2.0,74.0,9871.0,29.0,739.125,2647.0,6111.75,9335.75,9853.0,0.0,0.4166666666666667,1.0,1243.125,29.0,0.90692896,1.1154543,1.4216943
1400000,43600287,348802296,140000,1.325850486755371,0.7195799946784973,0.6290751099586487,0.6196348667144775,1529.4190344827584,191.1773793103448,7093.5960591133,709.35960591133,51.97930024931752,0.0076108845,1000.0,367.0,191.0,86.0,3654.773677788204,3229.2751735798347,31.8763,29.0,0.4929502200000001,8042.0,1867.0,91.0,15.0,7.0,114.0,78.0,305.0,276.0,535.0,526.0,0.4666666666666667,0.6842105263157895,0.9049180327868852,0.983177570093458,61917.0,55593.0,7739.0,792.0,627.0,7.0,8340.0,0.0,0.0,0.0,0.0,0.0,0.0,0.0,3.0,0.0,2.0,13.0,3.0,165.0,9766.0,48.0,1220.4375,3579.5,6839.875,9380.0,9323.0,0.0,0.125,1.125,1241.375,48.0,0.9054714,1.1962603,1.5800235
1410000,43919050,351352400,141000,1.3245590925216675,0.7182400226593018,0.6308389902114868,0.6166616082191467,1667.3400653832184,208.4175081729023,6538.321830730113,653.8321830730113,56.66672633349394,0.0077254376,1000.0,358.0,190.0,135.0,3558.5564718744668,3241.933776247094,29.6653,26.0,0.48039465,7998.0,1935.0,67.0,15.0,7.0,83.0,57.0,225.0,206.0,421.0,416.0,0.4666666666666667,0.6867469879518072,0.9155555555555556,0.9881235154394299,53672.0,48345.0,7202.0,461.0,781.0,6.0,8604.0,0.0,0.0,0.0,0.0,0.0,1.0,1.0,3.0,0.0,0.0,10.0,0.0,108.0,9852.0,25.0,916.0,3154.125,6752.75,9295.0,9238.0,0.0,0.20833333333333334,0.625,1245.0,25.0,0.78049755,1.0382874,1.3429923
1420000,44215703,353725624,142000,1.3174116611480713,0.7199079990386963,0.6278771162033081,0.612476646900177,1590.6919381865573,198.83649227331966,6702.6624464717925,670.2662446471793,54.06173978155755,0.0076999674,1000.0,362.0,220.0,114.0,3607.1931497428964,3184.8972798598534,28.168,25.0,0.46985623000000004,6050.0,3756.0,194.0,15.0,6.0,104.0,65.0,252.0,226.0,420.0,414.0,0.4,0.625,0.8968253968253969,0.9857142857142858,57396.0,52086.0,6007.0,482.0,533.0,12.0,8782.0,0.0,0.0,0.0,0.0,0.0,0.0,0.0,4.0,0.0,0.0,13.0,1.0,130.0,9809.0,43.0,1059.21875,2769.7916666666665,5989.3125,9463.75,9771.0,0.0,0.16666666666666666,0.875,1242.375,43.0,0.9375586,1.2061626,1.5140798
1430000,44497383,355979064,143000,1.310412049293518,0.7210649847984314,0.6251772046089172,0.6081528067588806,1599.4447949526816,199.9305993690852,7097.791798107256,709.7791798107256,54.3592170324795,0.0076786308,1000.0,330.0,228.0,85.0,3719.2964256078426,3220.6875450972784,33.4436,31.0,0.4566077299999999,8027.0,1830.0,143.0,16.0,7.0,117.0,85.0,288.0,266.0,500.0,492.0,0.4375,0.7264957264957265,0.9236111111111112,0.984,65747.0,59407.0,7830.0,553.0,629.0,2.0,8622.0,0.0,0.0,0.0,0.0,0.0,0.0,1.0,13.0,0.0,0.0,13.0,1.0,129.0,9806.0,37.0,1332.5625,3817.75,7066.4375,9659.125,9832.0,0.0,0.5833333333333334,0.875,1241.875,37.0,0.8334519,1.132415,1.5650736
1440000,44831819,358654552,144000,1.3072638511657715,0.7211089730262756,0.622974693775177,0.6072204113006592,1626.1618774269796,203.27023467837245,6078.001013000168,607.8001013000169,55.26723191944407,0.0075298813,1000.0,358.0,194.0,98.0,3586.248406929872,3237.1214229059265,31.5848,29.0,0.48078135999999994,7785.0,2098.0,117.0,14.0,7.0,97.0,63.0,257.0,228.0,471.0,458.0,0.5,0.6494845360824743,0.8871595330739299,0.9723991507430998,62283.0,55681.0,7376.0,522.0,316.0,0.0,9014.0,0.0,0.0,0.0,0.0,0.0,0.0,1.0,11.0,0.0,0.0,9.0,1.0,98.0,9852.0,28.0,1183.75,3493.5,6954.8125,9150.0,9647.0,0.0,0.5,0.625,1243.75,28.0,0.90793914,1.0862038,1.5037919
1450000,45147667,361181336,145000,1.3027528524398804,0.719523012638092,0.6244398355484009,0.6012547612190247,1682.3418531533196,210.29273164416495,6658.035879415572,665.8035879415572,57.17658165319208,0.0076560504,1000.0,366.0,191.0,106.0,3669.3089650327956,3238.75603171852,32.31,31.0,0.5045012699999999,8320.0,1598.0,82.0,15.0,6.0,83.0,55.0,222.0,201.0,396.0,387.0,0.4,0.6626506024096386,0.9054054054054054,0.9772727272727273,55770.0,50486.0,8090.0,397.0,325.0,0.0,9157.0,0.0,0.0,0.0,0.0,0.0,0.0,0.0,4.0,0.0,0.0,3.0,1.0,90.0,9879.0,23.0,1015.75,3955.25,6893.5625,9433.625,9904.0,0.0,0.16666666666666666,0.25,1246.125,23.0,0.81373906,1.0438473,1.452028
1460000,45470767,363766136,146000,1.2931220531463623,0.7205659747123718,0.6224980354309082,0.5936475992202759,1650.164922858663,206.27061535733287,6384.1106579180705,638.4110657918071,56.08300671841107,0.0075722495,1000.0,371.0,187.0,140.0,3615.9852789857196,3357.996371487531,30.8472,29.0,0.5075739,7184.0,2726.0,90.0,16.0,7.0,106.0,67.0,238.0,205.0,461.0,443.0,0.4375,0.6320754716981132,0.8613445378151261,0.9609544468546638,54597.0,49083.0,7366.0,352.0,704.0,2.0,8838.0,0.0,0.0,0.0,0.0,1.0,0.0,0.0,3.0,0.0,0.0,16.0,2.0,65.0,9896.0,17.0,990.09375,3419.875,6919.375,9302.375,9583.0,0.03125,0.125,1.125,1245.125,17.0,0.9426238,1.1453664,1.4821442
1470000,45779239,366233912,147000,1.2905364036560059,0.7209339737892151,0.6226735711097717,0.5907520055770874,1684.169402843602,210.52117535545025,6824.644549763034,682.4644549763034,57.23869331254112,0.0076515493,1000.0,352.0,214.0,96.0,3746.510340862969,3273.927601252882,28.1586,25.0,0.47715701,6578.0,3352.0,70.0,15.0,6.0,94.0,61.0,215.0,189.0,404.0,392.0,0.4,0.648936170212766,0.8790697674418605,0.9702970297029703,45826.0,41373.0,5955.0,497.0,755.0,0.0,8616.0,0.0,0.0,0.0,0.0,0.0,0.0,0.0,6.0,0.0,0.0,18.0,4.0,82.0,9868.0,22.0,811.59375,2812.7916666666665,6459.8125,9460.375,9068.0,0.0,0.25,1.375,1243.75,22.0,0.8902749,1.1030153,1.4099557
1480000,46060825,368486600,148000,1.2832921743392944,0.7228569984436035,0.6197168231010437,0.5862505435943604,1653.348990825688,206.668623853211,7339.4495412844035,733.9449541284404,56.191221420295044,0.0077324826,1000.0,356.0,200.0,82.0,3749.3835031806934,3360.199722034443,27.8506,25.0,0.49662347,8171.0,1772.0,57.0,12.0,5.0,107.0,63.0,254.0,219.0,444.0,430.0,0.4166666666666667,0.5887850467289719,0.8622047244094488,0.9684684684684685,49616.0,44665.0,6463.0,658.0,1862.0,0.0,7383.0,0.0,0.0,0.0,0.0,0.0,0.0,0.0,3.0,0.0,0.0,5.0,0.0,70.0,9903.0,19.0,760.78125,2838.4583333333335,6519.75,9312.5,7222.0,0.0,0.125,0.3125,1246.625,19.0,0.9464879,1.1369618,1.4519062
1490000,46339331,370714648,149000,1.2765458822250366,0.7235879898071289,0.6174355149269104,0.5817005634307861,1642.9686194182714,205.37107742728392,7374.02703809914,737.402703809914,55.838430962009674,0.0075735794,1000.0,369.0,185.0,100.0,3686.9165926885653,3370.043458390078,28.4899,25.0,0.5088074000000001,8776.0,1173.0,51.0,14.0,6.0,80.0,47.0,217.0,194.0,332.0,322.0,0.42857142857142855,0.5875,0.8940092165898618,0.9698795180722891,40483.0,36790.0,6320.0,286.0,684.0,0.0,8925.0,0.0,0.0,0.0,0.0,0.0,0.0,0.0,2.0,0.0,0.0,6.0,3.0,66.0,9895.0,28.0,717.46875,2940.25,6674.0,9633.5,7522.0,0.0,0.08333333333333333,0.5625,1245.125,28.0,0.8502524,1.0755368,1.4040855
1500000,46624230,372993840,150000,1.2762619256973267,0.7226150035858154,0.6177381277084351,0.5809689164161682,1491.5635702599527,186.4454462824941,6544.264679149246,654.4264679149246,50.692732934180114,0.007853426,1000.0,363.0,188.0,111.0,3609.381732930561,3315.5564426765313,29.4169,28.0,0.49044606999999996,8536.0,1407.0,57.0,15.0,7.0,114.0,73.0,294.0,258.0,461.0,450.0,0.4666666666666667,0.6403508771929824,0.8775510204081632,0.9761388286334056,42108.0,38236.0,6269.0,337.0,458.0,0.0,9100.0,0.0,0.0,0.0,0.0,0.0,0.0,1.0,4.0,0.0,0.0,12.0,2.0,61.0,9895.0,25.0,944.53125,3285.25,6236.1875,9522.875,9136.0,0.0,0.20833333333333334,0.875,1244.5,25.0,0.8657299,1.089436,1.4602857
1510000,46918399,375347192,151000,1.262267827987671,0.7246360182762146,0.6135768294334412,0.571169912815094,1564.2664697193502,195.53330871491877,6646.971935007386,664.6971935007385,53.163635776888626,0.007763684,1000.0,348.0,216.0,134.0,3740.1969830653684,3321.1141185290567,29.068,27.0,0.5274491699999999,8675.0,1272.0,53.0,13.0,6.0,80.0,53.0,231.0,215.0,408.0,405.0,0.46153846153846156,0.6625,0.9307359307359307,0.9926470588235294,44018.0,39794.0,7078.0,249.0,233.0,0.0,9465.0,0.0,0.0,0.0,0.0,0.0,0.0,0.0,4.0,0.0,0.0,4.0,1.0,33.0,9947.0,11.0,859.3125,3074.25,6504.25,9453.25,9706.0,0.0,0.16666666666666666,0.3125,1247.5,11.0,0.8737374,1.0618411,1.3946692
1520000,47209079,377672632,152000,1.251590371131897,0.727187991142273,0.6072242856025696,0.5669981837272644,1465.3569053036933,183.16961316296167,6301.417819009277,630.1417819009276,49.802065252150534,0.0076286215,1000.0,369.0,191.0,93.0,3694.0260157414095,3396.507337933511,28.2909,27.0,0.51364109,8785.0,1187.0,28.0,16.0,6.0,100.0,64.0,233.0,204.0,416.0,411.0,0.375,0.64,0.8755364806866953,0.9879807692307693,31404.0,28514.0,3763.0,469.0,337.0,0.0,9078.0,0.0,0.0,0.0,0.0,0.0,0.0,0.0,9.0,0.0,0.0,10.0,3.0,77.0,9884.0,17.0,544.90625,2515.0833333333335,7329.25,9760.375,9759.0,0.0,0.375,0.8125,1245.125,17.0,0.8908048,1.119829,1.4002984
1530000,47491988,379935904,153000,1.2432597875595093,0.7282999753952026,0.6028066873550415,0.5632784366607666,1001.4477876106196,125.18097345132745,4424.778761061947,442.47787610619474,34.03550894986195,0.0076620635,1000.0,354.0,200.0,113.0,3781.3615104865153,3324.6404088258228,25.5572,23.0,0.5147191500000001,9146.0,824.0,30.0,13.0,6.0,107.0,74.0,307.0,278.0,544.0,536.0,0.46153846153846156,0.6915887850467289,0.9055374592833876,0.9852941176470589,34413.0,30924.0,4560.0,665.0,356.0,0.0,8893.0,0.0,0.0,0.0,0.0,0.0,0.0,0.0,6.0,0.0,0.0,17.0,2.0,39.0,9914.0,22.0,542.15625,2232.1666666666665,6303.3125,9378.375,8771.0,0.0,0.25,1.1875,1244.125,22.0,0.7937577,1.0725678,1.4208792
1540000,47747560,381980480,154000,1.2339823246002197,0.7300540208816528,0.5980484485626221,0.5589115023612976,1367.101337295691,170.8876671619614,6686.478454680535,668.6478454680536,46.462721648137894,0.0074680466,1000.0,333.0,195.0,93.0,3635.027495896231,3413.084250405657,26.503,25.0,0.5196663300000001,8851.0,1108.0,41.0,16.0,8.0,73.0,50.0,176.0,163.0,363.0,360.0,0.5,0.684931506849315,0.9261363636363636,0.9917355371900827,35534.0,32259.0,5156.0,774.0,629.0,0.0,8498.0,0.0,0.0,0.0,0.0,0.0,1.0,0.0,5.0,2.0,0.0,6.0,2.0,63.0,9901.0,20.0,604.40625,2775.6666666666665,6264.8125,8645.125,9675.0,0.0,0.3333333333333333,0.5,1245.5,20.0,0.8761617,1.1033646,1.4439452
1550000,48012590,384100720,155000,1.2209782600402832,0.7313269972801208,0.5932714939117432,0.5508509874343872,1583.253266957063,197.90665836963288,7467.3304293715,746.73304293715,53.8089268397959,0.007597256,1000.0,347.0,194.0,107.0,3756.2755063184054,3339.3477525925564,34.2154,33.0,0.4788272,7804.0,2078.0,118.0,16.0,6.0,77.0,52.0,198.0,184.0,388.0,388.0,0.375,0.6753246753246753,0.9292929292929293,1.0,61433.0,56241.0,7925.0,198.0,411.0,7.0,9299.0,0.0,0.0,0.0,0.0,0.0,0.0,0.0,3.0,0.0,0.0,2.0,3.0,53.0,9915.0,24.0,1376.53125,4210.625,6948.75,9543.375,9523.0,0.0,0.125,0.3125,1246.0,24.0,0.8604842,1.0687132,1.3990136
1560000,48354744,386837952,156000,1.2166688442230225,0.7317060232162476,0.5938629508018494,0.5459762215614319,1653.3616107382552,206.6702013422819,6040.268456375839,604.026845637584,56.19165032448,0.007559284,1000.0,360.0,187.0,118.0,3719.686990511132,3409.4454400580385,28.9993,23.0,0.5289034199999998,8945.0,919.0,136.0,12.0,6.0,56.0,39.0,142.0,132.0,262.0,258.0,0.5,0.6964285714285714,0.9295774647887324,0.9847328244274809,47761.0,44188.0,5209.0,108.0,446.0,1.0,9406.0,0.0,0.0,0.0,0.0,0.0,0.0,0.0,1.0,1.0,0.0,5.0,0.0,21.0,9961.0,11.0,1141.6875,2901.625,6219.5,9363.25,9402.0,0.0,0.08333333333333333,0.3125,1247.75,11.0,0.8412923,1.083876,1.3517154
1570000,48644737,389157896,157000,1.2013447284698486,0.7338950037956238,0.5860286355018616,0.5387501120567322,1642.4382300884954,205.30477876106193,7079.646017699115,707.9646017699115,55.82040498900955,0.007604975,1000.0,319.0,227.0,90.0,3674.9642074972803,3337.1370768111524,31.9733,29.0,0.47722654999999997,8618.0,1211.0,171.0,12.0,5.0,60.0,42.0,177.0,159.0,286.0,282.0,0.4166666666666667,0.7,0.8983050847457628,0.986013986013986,57307.0,52950.0,6724.0,95.0,317.0,0.0,9538.0,0.0,0.0,0.0,0.0,0.0,0.0,0.0,4.0,0.0,0.0,2.0,0.0,36.0,9950.0,8.0,1262.5,3519.2916666666665,6855.0,9658.0,7926.0,0.0,0.16666666666666666,0.125,1248.25,8.0,0.8295841,1.0722839,1.3892608
1580000,48964470,391715760,158000,1.1993227005004883,0.7337769865989685,0.5863400101661682,0.5366201996803284,1683.4205484460695,210.42756855575868,6581.352833638026,658.1352833638026,57.21324251933485,0.0077500287,1000.0,355.0,199.0,82.0,3871.5785626243514,3339.8814996414385,33.7786,31.0,0.5055751900000001,7503.0,2286.0,211.0,14.0,6.0,71.0,50.0,191.0,180.0,306.0,305.0,0.42857142857142855,0.704225352112676,0.9424083769633508,0.9967320261437909,57458.0,52552.0,6973.0,96.0,364.0,0.0,9497.0,0.0,0.0,0.0,0.0,0.0,0.0,0.0,2.0,0.0,0.0,4.0,1.0,24.0,9957.0,12.0,1380.5,3895.0,7082.25,9646.375,9643.0,0.0,0.08333333333333333,0.3125,1247.625,12.0,0.86020005,1.1110464,1.412005
1590000,49302256,394418048,159000,1.1951658725738525,0.7338950037956238,0.5837812423706055,0.5352578163146973,1662.6622457699539,207.83278072124423,6152.794394120663,615.2794394120663,56.507744534060365,0.0074595944,1000.0,307.0,243.0,71.0,3707.135523793238,3421.8146148362034,32.4517,31.0,0.49918437000000004,7852.0,2005.0,143.0,13.0,6.0,63.0,43.0,147.0,135.0,229.0,225.0,0.46153846153846156,0.6825396825396826,0.9183673469387755,0.982532751091703,44102.0,40851.0,5322.0,78.0,173.0,0.0,9707.0,0.0,0.0,0.0,0.0,0.0,0.0,0.0,1.0,0.0,0.0,5.0,3.0,25.0,9958.0,8.0,1183.5,3729.0,6870.375,9670.5,9859.0,0.0,0.041666666666666664,0.5,1247.875,8.0,0.8552738,1.139666,1.4655467
1600000,49626773,397014184,160000,1.187578558921814,0.7367820143699646,0.5803390741348267,0.5312907099723816,1648.9219477769934,206.11524347212418,6351.446718419195,635.1446718419195,56.04076258942103,0.007697068,1000.0,350.0,208.0,97.0,3892.4374065745906,3436.457158480984,24.9564,23.0,0.50935811,8760.0,1146.0,94.0,14.0,6.0,56.0,39.0,195.0,182.0,385.0,381.0,0.42857142857142855,0.6964285714285714,0.9333333333333333,0.9896103896103896,36698.0,33496.0,4521.0,96.0,249.0,0.0,9590.0,0.0,0.0,0.0,0.0,0.0,0.0,0.0,4.0,0.0,0.0,14.0,2.0,26.0,9935.0,19.0,705.0,2116.2083333333335,6005.25,8926.125,8722.0,0.0,0.16666666666666666,1.0,1245.125,19.0,0.81796813,1.0542446,1.3917539
1610000,49876337,399010696,161000,1.1790616512298584,0.7365189790725708,0.5780766010284424,0.525199830532074,1497.384,187.173,7500.0,750.0,50.890547828736004,0.0076662675,1000.0,338.0,206.0,62.0,3954.103915471394,3372.5703154364883,24.26,23.0,0.52618986,8864.0,1068.0,68.0,14.0,7.0,57.0,37.0,176.0,163.0,367.0,361.0,0.5,0.6491228070175439,0.9261363636363636,0.9836512261580381,35085.0,31758.0,4908.0,66.0,212.0,0.0,9684.0,0.0,0.0,0.0,0.0,0.0,0.0,0.0,3.0,0.0,1.0,4.0,2.0,19.0,9962.0,9.0,604.46875,2162.2916666666665,5646.1875,9042.875,8680.0,0.0,0.125,0.4375,1247.625,9.0,0.86874855,1.1474016,1.4058853
1620000,50118937,400951496,162000,1.171852707862854,0.7346280217170715,0.5769108533859253,0.5192978382110596,1585.0453720508167,198.1306715063521,8166.969147005445,816.6969147005444,53.86983386831216,0.007502941,1000.0,344.0,221.0,87.0,3770.648496617103,3486.0288408177857,28.3061,25.0,0.55331512,8220.0,1661.0,119.0,15.0,8.0,62.0,39.0,162.0,144.0,317.0,308.0,0.5333333333333333,0.6290322580645161,0.8888888888888888,0.9716088328075709,48542.0,44366.0,6150.0,164.0,871.0,11.0,8924.0,0.0,0.0,0.0,0.0,0.0,0.0,0.0,4.0,1.0,1.0,2.0,1.0,13.0,9970.0,8.0,1035.15625,2948.9583333333335,6147.3125,9344.125,6051.0,0.0,0.20833333333333334,0.25,1247.875,8.0,0.8732971,1.100886,1.4160557
1630000,50401998,403215984,163000,1.162401556968689,0.7352629899978638,0.5703957080841064,0.516684353351593,1583.865708179522,197.98321352244025,6994.365649893142,699.4365649893142,53.82974145336453,0.007525865,1000.0,324.0,219.0,94.0,3844.453568625984,3444.2817097044936,32.0603,26.0,0.5508029799999999,8042.0,1659.0,299.0,9.0,4.0,62.0,41.0,144.0,128.0,284.0,278.0,0.4444444444444444,0.6612903225806451,0.8888888888888888,0.9788732394366197,57569.0,52528.0,6224.0,78.0,646.0,11.0,9248.0,0.0,0.0,0.0,0.0,0.0,0.0,0.0,0.0,0.0,0.0,1.0,0.0,9.0,9983.0,7.0,1341.21875,3587.4166666666665,6757.0,9238.75,9564.0,0.0,0.0,0.0625,1249.0,7.0,0.84112865,1.0735132,1.3948396
1640000,50722601,405780808,164000,1.1515964269638062,0.7360029816627502,0.5687676668167114,0.5077335238456726,1548.9626572722698,193.62033215903372,6039.255158530448,603.9255158530448,52.643515754703174,0.007581115,1000.0,344.0,191.0,64.0,3842.165414574701,3449.1076545517935,32.5408,28.0,0.5720820099999999,7768.0,1894.0,338.0,11.0,4.0,53.0,33.0,134.0,121.0,304.0,299.0,0.36363636363636365,0.6226415094339622,0.9029850746268657,0.9835526315789473,66456.0,60505.0,6619.0,44.0,371.0,14.0,9554.0,0.0,0.0,0.0,0.0,0.0,0.0,0.0,0.0,0.0,0.0,7.0,0.0,6.0,9983.0,4.0,1463.625,3751.0,6609.875,9129.0,9758.0,0.0,0.0,0.4375,1248.625,4.0,0.8437727,1.0847014,1.4285305
1650000,51048009,408384072,165000,1.1487199068069458,0.7364180088043213,0.5709109306335449,0.5027486681938171,1743.9059173799776,217.9882396724972,6698.920729438035,669.8920729438036,59.268916655474804,0.0077773407,1000.0,336.0,205.0,56.0,3896.4591226480643,3482.521457362424,41.8461,41.0,0.55179529,5707.0,3623.0,670.0,11.0,5.0,47.0,32.0,124.0,119.0,234.0,233.0,0.45454545454545453,0.6808510638297872,0.9596774193548387,0.9957264957264957,87497.0,80385.0,8571.0,38.0,119.0,1.0,9827.0,0.0,0.0,0.0,0.0,0.0,0.0,0.0,1.0,0.0,0.0,0.0,1.0,12.0,9985.0,1.0,2621.6875,5233.833333333333,7605.25,9711.0,9583.0,0.0,0.041666666666666664,0.0625,1249.625,1.0,0.7774279,1.0381496,1.3507353
1660000,51466470,411731760,166000,1.1494684219360352,0.7346010208129883,0.5745578408241272,0.4998917877674103,1805.7651783038657,225.7206472879832,5394.0665268204975,539.4066526820498,61.37128430244939,0.007724764,1000.0,333.0,221.0,95.0,3903.7162787395023,3472.7046163333016,34.614,33.0,0.54593619,7577.0,2198.0,225.0,11.0,6.0,51.0,40.0,147.0,143.0,283.0,282.0,0.5454545454545454,0.7843137254901961,0.9727891156462585,0.9964664310954063,61098.0,55805.0,7577.0,68.0,109.0,6.0,9797.0,0.0,0.0,0.0,0.0,0.0,0.0,0.0,3.0,0.0,0.0,4.0,1.0,7.0,9980.0,5.0,1403.03125,4052.75,7305.0,9678.75,9667.0,0.0,0.125,0.3125,1248.375,5.0,0.9399106,1.1379429,1.5162262
1670000,51812610,414500880,167000,1.143045425415039,0.7342680096626282,0.5716825723648071,0.49644073843955994,1680.8012139605462,210.10015174506827,6069.80273141123,606.9802731411229,57.124221021232174,0.007691536,1000.0,354.0,198.0,88.0,3941.356283524355,3482.6639832972705,30.9296,27.0,0.5387808099999999,7217.0,2624.0,159.0,8.0,3.0,65.0,50.0,164.0,155.0,308.0,307.0,0.375,0.7692307692307693,0.9451219512195121,0.9967532467532467,46821.0,42772.0,5701.0,62.0,250.0,11.0,9656.0,0.0,0.0,0.0,0.0,0.0,0.0,0.0,0.0,0.0,0.0,0.0,0.0,12.0,9979.0,9.0,1060.375,3461.1666666666665,6610.3125,9646.875,9356.0,0.0,0.0,0.0,1248.875,9.0,0.89323306,1.0851959,1.4123713
1680000,52121906,416975248,168000,1.1443021297454834,0.7349249720573425,0.571528971195221,0.4979518949985504,1722.2979118329465,215.2872389791183,6960.556844547564,696.0556844547564,58.534540410119725,0.007698115,1000.0,352.0,194.0,126.0,3901.3926122301646,3404.821834713452,29.1598,25.0,0.52324645,8326.0,1480.0,194.0,12.0,7.0,61.0,47.0,185.0,168.0,343.0,336.0,0.5833333333333334,0.7704918032786885,0.9081081081081082,0.9795918367346939,50764.0,46242.0,5496.0,111.0,121.0,14.0,9737.0,0.0,0.0,0.0,0.0,0.0,0.0,1.0,0.0,1.0,0.0,3.0,1.0,8.0,9983.0,3.0,1114.3125,3010.625,6433.25,8997.0,8777.0,0.0,0.08333333333333333,0.25,1248.875,3.0,0.9447615,1.1142039,1.4189646
1690000,52413504,419308032,169000,1.1388373374938965,0.7357280254364014,0.5695580840110779,0.4945621192455292,1667.5977760127084,208.44972200158855,7148.530579825258,714.8530579825258,56.675484965291815,0.0076575675,1000.0,376.0,183.0,68.0,3888.049480186176,3500.125234639032,34.4731,31.0,0.5772500300000001,7321.0,2363.0,316.0,13.0,5.0,69.0,53.0,171.0,161.0,336.0,334.0,0.38461538461538464,0.7681159420289855,0.9415204678362573,0.9940476190476191,64210.0,58127.0,7308.0,70.0,101.0,3.0,9793.0,0.0,0.0,0.0,0.0,0.0,0.0,0.0,3.0,0.0,0.0,11.0,0.0,8.0,9967.0,11.0,1589.375,3972.375,7230.125,9176.625,9439.0,0.0,0.125,0.6875,1246.875,11.0,0.895834,1.0854466,1.377528
1700000,52758235,422065880,170000,1.1378138065338135,0.7346529960632324,0.5695628523826599,0.49369338154792786,1612.514666233555,201.5643332791944,5847.00341075199,584.7003410751989,54.80341365107214,0.0075862696,1000.0,356.0,186.0,79.0,3893.1346275619103,3510.9623481843737,36.9954,35.0,0.5608820499999999,5053.0,4600.0,347.0,9.0,5.0,45.0,36.0,125.0,119.0,225.0,221.0,0.5555555555555556,0.8,0.952,0.9822222222222222,60941.0,56253.0,6461.0,58.0,82.0,0.0,9846.0,0.0,0.0,0.0,0.0,0.0,0.0,0.0,2.0,0.0,0.0,1.0,0.0,6.0,9986.0,5.0,1852.3125,4307.708333333333,7449.4375,9782.0,9848.0,0.0,0.08333333333333333,0.0625,1249.0,5.0,0.8671515,1.0902406,1.405361
1710000,53128189,425025512,171000,1.14895761013031,0.7336580157279968,0.5721794962882996,0.5021100044250488,1760.5213483146067,220.06516853932584,5948.446794448117,594.8446794448116,59.83361374231011,0.0075386893,1000.0,344.0,200.0,79.0,3914.675591562176,3488.9719156369515,36.6074,35.0,0.55185364,7007.0,2664.0,329.0,8.0,3.0,32.0,23.0,89.0,83.0,168.0,166.0,0.375,0.71875,0.9325842696629213,0.9880952380952381,71758.0,65431.0,8014.0,24.0,68.0,5.0,9897.0,0.0,0.0,0.0,0.0,0.0,0.0,0.0,0.0,0.0,0.0,0.0,0.0,5.0,9994.0,1.0,1639.4375,4362.791666666667,7532.8125,9814.5,9864.0,0.0,0.0,0.0,1249.875,1.0,0.8472997,1.1266161,1.4766111
1720000,53494263,427954104,172000,1.1542733907699585,0.7324410080909729,0.5744263529777527,0.5050846338272095,1790.883506030236,223.8604382537795,6115.169016476983,611.5169016476983,60.86551126452944,0.0074554854,1000.0,339.0,199.0,87.0,3919.608639124099,3496.1328421163175,36.9016,35.0,0.5252073100000001,6975.0,2666.0,359.0,10.0,5.0,42.0,32.0,103.0,98.0,175.0,175.0,0.5,0.7619047619047619,0.9514563106796117,1.0,66645.0,61223.0,7696.0,75.0,89.0,6.0,9819.0,0.0,0.0,0.0,0.0,0.0,0.0,0.0,0.0,0.0,0.0,1.0,1.0,7.0,9989.0,2.0,1695.28125,4453.416666666667,7513.375,9731.25,9821.0,0.0,0.0,0.125,1249.5,2.0,0.9241847,1.1158994,1.4103711
1730000,53863279,430906232,173000,1.154889464378357,0.7317609786987305,0.5761899352073669,0.5038861036300659,1739.9575638506876,217.49469548133595,5893.909626719056,589.3909626719056,59.13472671212888,0.0076414943,1000.0,340.0,197.0,94.0,3979.551435808178,3493.755473608391,37.1257,35.0,0.53083609,6935.0,2723.0,342.0,9.0,5.0,38.0,22.0,98.0,90.0,164.0,163.0,0.5555555555555556,0.5789473684210527,0.9183673469387755,0.9939024390243902,70271.0,63800.0,8284.0,42.0,317.0,5.0,9627.0,0.0,0.0,0.0,0.0,0.0,0.0,0.0,1.0,0.0,0.0,2.0,0.0,2.0,9991.0,4.0,1604.5625,4651.75,7545.875,9708.125,9870.0,0.0,0.041666666666666664,0.125,1249.125,4.0,0.8608105,1.084002,1.4051663
1740000,54234536,433876288,174000,1.1643104553222656,0.7295839786529541,0.5795710682868958,0.5098199844360352,1817.4743498215196,227.18429372768995,6119.326874043855,611.9326874043854,61.76923576523651,0.007567777,1000.0,344.0,212.0,104.0,4021.5437806867494,3423.0095185597443,44.4573,41.0,0.5252490299999999,5899.0,3329.0,772.0,7.0,4.0,33.0,25.0,76.0,70.0,128.0,126.0,0.5714285714285714,0.7575757575757576,0.9210526315789473,0.984375,93258.0,85203.0,9480.0,87.0,44.0,3.0,9862.0,0.0,0.0,0.0,0.0,0.0,0.0,0.0,1.0,0.0,0.0,0.0,0.0,2.0,9996.0,1.0,2689.46875,5700.083333333333,8276.8125,9913.0,9975.0,0.0,0.041666666666666664,0.0,1249.75,1.0,0.8133915,1.0507746,1.389563
1750000,54679109,437432872,175000,1.1789000034332275,0.7265639901161194,0.5850135684013367,0.5187638401985168,1855.6090434782607,231.95113043478258,5217.391304347826,521.7391304347826,63.06529305680139,0.007822188,1000.0,317.0,225.0,119.0,3933.4883082163465,3521.30558922588,40.1995,36.0,0.5369084200000002,6265.0,3067.0,668.0,4.0,2.0,28.0,20.0,63.0,62.0,104.0,104.0,0.5,0.7142857142857143,0.9841269841269841,1.0,79629.0,72807.0,8869.0,16.0,80.0,0.0,9901.0,0.0,0.0,0.0,0.0,0.0,0.0,0.0,0.0,0.0,0.0,0.0,0.0,0.0,9997.0,3.0,2153.28125,5073.125,7620.375,9932.0,9953.0,0.0,0.0,0.0,1249.625,3.0,0.8261895,1.1557665,1.4604257
1760000,55081104,440648832,176000,1.184781789779663,0.7250459790229797,0.5861021280288696,0.5233595371246338,1846.7787525921199,230.84734407401498,5742.5426702823415,574.2542670282342,62.76518410633658,0.007728768,1000.0,319.0,220.0,110.0,3949.3126463552358,3500.3325387805603,39.6948,35.0,0.52315262,5744.0,3492.0,764.0,7.0,4.0,59.0,50.0,129.0,128.0,228.0,228.0,0.5714285714285714,0.847457627118644,0.9922480620155039,1.0,87836.0,79841.0,8040.0,41.0,45.0,2.0,9907.0,0.0,0.0,0.0,0.0,0.0,0.0,0.0,1.0,0.0,0.0,0.0,0.0,1.0,9995.0,3.0,2443.3125,4777.166666666667,7307.0,9669.5,9842.0,0.0,0.041666666666666664,0.0,1249.5,3.0,0.85004777,1.1213686,1.3767203
1770000,55478052,443824416,177000,1.1926255226135254,0.7234370112419128,0.5908678770065308,0.5263475775718689,1811.743645007924,226.4679556259905,5705.229793977813,570.5229793977813,61.574470289307385,0.0075152176,1000.0,363.0,180.0,59.0,3963.4218591243,3528.8095150531726,35.3546,29.0,0.52712018,7813.0,1616.0,571.0,5.0,3.0,44.0,36.0,93.0,87.0,171.0,170.0,0.6,0.8181818181818182,0.9354838709677419,0.9941520467836257,63273.0,58297.0,5805.0,29.0,21.0,0.0,9947.0,0.0,0.0,0.0,0.0,0.0,0.0,0.0,1.0,0.0,0.0,0.0,0.0,2.0,9997.0,0.0,1827.84375,4164.791666666667,6674.375,9809.75,9832.0,0.0,0.041666666666666664,0.0,1249.875,0.0,0.86987835,1.097906,1.4249274
1780000,55831598,446652784,178000,1.1859278678894043,0.7235230207443237,0.5860901474952698,0.5243741273880005,1668.6536873156342,208.58171091445428,5899.705014749263,589.9705014749262,56.71137148783009,0.0076325275,1000.0,333.0,217.0,111.0,3923.740706645123,3559.743091982051,37.6816,31.0,0.55944297,6647.0,2560.0,793.0,4.0,2.0,31.0,23.0,74.0,72.0,150.0,148.0,0.5,0.7419354838709677,0.972972972972973,0.9866666666666667,81394.0,73742.0,6956.0,34.0,19.0,0.0,9946.0,0.0,0.0,0.0,0.0,0.0,0.0,0.0,0.0,0.0,0.0,0.0,0.0,1.0,9999.0,0.0,2351.90625,4241.833333333333,6972.25,9783.25,9929.0,0.0,0.0,0.0,1250.0,0.0,0.8663404,1.0853932,1.3462427
1790000,56208414,449667312,179000,1.189401388168335,0.7212269902229309,0.5883563756942749,0.525481641292572,1744.742893890675,218.09286173633438,5787.781350482315,578.7781350482314,59.29736239360823,0.0075192275,1000.0,363.0,184.0,103.0,3969.3947675888717,3584.1098063330096,37.7034,33.0,0.5453693399999999,6596.0,2786.0,618.0,7.0,4.0,57.0,42.0,119.0,112.0,197.0,195.0,0.5714285714285714,0.7368421052631579,0.9411764705882353,0.9898477157360406,77420.0,70135.0,7998.0,24.0,42.0,4.0,9926.0,0.0,0.0,0.0,0.0,0.0,0.0,0.0,0.0,0.0,0.0,1.0,0.0,2.0,9996.0,1.0,1970.125,4432.375,7469.0,9767.5,9969.0,0.0,0.0,0.0625,1249.75,1.0,0.8692008,1.0450133,1.3069464
1800000,56585448,452683584,180000,1.1912310123443604,0.7208579778671265,0.5888699889183044,0.5267361402511597,1773.1187459177008,221.6398432397126,5878.510777269758,587.8510777269759,60.26175272685774,0.0075040604,1000.0,349.0,187.0,93.0,3944.2682262985545,3647.963952325098,31.5555,27.0,0.5407440199999999,6770.0,2917.0,313.0,4.0,1.0,36.0,27.0,78.0,75.0,150.0,150.0,0.25,0.75,0.9615384615384616,1.0,60425.0,54743.0,6261.0,5.0,21.0,2.0,9972.0,0.0,0.0,0.0,0.0,0.0,0.0,0.0,0.0,0.0,0.0,0.0,0.0,0.0,10000.0,0.0,1343.8125,3459.0833333333335,6410.4375,9644.125,9815.0,0.0,0.0,0.0,1250.0,0.0,0.9334386,1.1153417,1.3422948
1810000,56901003,455208024,181000,1.1924102306365967,0.7207890152931213,0.5877264142036438,0.529084324836731,1708.9101165851825,213.61376457314782,6769.4622038360285,676.9462203836028,58.079538730939454,0.007579691,1000.0,377.0,185.0,119.0,3959.8223829721487,3533.9979594782053,35.0802,31.0,0.5451488799999998,7488.0,2178.0,334.0,8.0,4.0,60.0,44.0,120.0,111.0,218.0,216.0,0.5,0.7333333333333333,0.925,0.9908256880733946,60222.0,54718.0,6807.0,12.0,27.0,8.0,9948.0,0.0,0.0,0.0,0.0,0.0,0.0,0.0,0.0,0.0,0.0,1.0,0.0,2.0,9995.0,2.0,1548.8125,4272.75,7005.0,9593.625,9865.0,0.0,0.0,0.0625,1249.625,2.0,0.8408368,1.0528913,1.3106441
1820000,57251805,458014440,182000,1.1908241510391235,0.7204579710960388,0.5870473384857178,0.5281585454940796,1704.876409044887,213.10955113061087,6074.924063449207,607.4924063449207,57.94244792022788,0.0074076564,1000.0,347.0,194.0,114.0,4001.0935099491376,3559.6775365392837,32.969,29.0,0.56374625,7503.0,2202.0,295.0,5.0,2.0,39.0,28.0,102.0,95.0,183.0,182.0,0.4,0.717948717948718,0.9313725490196079,0.994535519125683,59906.0,54413.0,7151.0,27.0,25.0,1.0,9945.0,0.0,0.0,0.0,0.0,0.0,0.0,0.0,0.0,0.0,0.0,0.0,0.0,2.0,9998.0,0.0,1298.15625,3632.0416666666665,7129.0625,9619.375,9960.0,0.0,0.0,0.0,1250.0,0.0,0.86003953,1.0554157,1.293327
1830000,57581495,460651960,183000,1.1926695108413696,0.7186689972877502,0.5915345549583435,0.5252349972724915,1729.52131147541,216.19016393442624,6557.377049180328,655.7377049180328,58.78003706628197,0.0076974467,1000.0,350.0,212.0,95.0,3999.960405815439,3626.7261495614293,34.0405,29.0,0.5609596499999999,6583.0,3051.0,366.0,5.0,2.0,52.0,30.0,113.0,106.0,193.0,193.0,0.4,0.5769230769230769,0.9380530973451328,1.0,57991.0,53147.0,6728.0,11.0,688.0,5.0,9295.0,0.0,0.0,0.0,0.0,0.0,0.0,0.0,0.0,0.0,0.0,0.0,0.0,1.0,9999.0,0.0,1611.71875,3775.625,6883.375,9769.75,9923.0,0.0,0.0,0.0,1250.0,0.0,0.90634465,1.1062394,1.3640168
1840000,57921900,463375200,184000,1.1942932605743408,0.7188509702682495,0.5913310647010803,0.5269121527671814,1722.9637961335677,215.37047451669596,6326.88927943761,632.688927943761,58.55717135638946,0.0075373887,1000.0,389.0,183.0,130.0,4007.020263748548,3601.1117514018924,25.6458,23.0,0.5375040199999999,8754.0,1080.0,166.0,7.0,3.0,44.0,30.0,95.0,86.0,156.0,153.0,0.42857142857142855,0.6818181818181818,0.9052631578947369,0.9807692307692307,29737.0,27552.0,2922.0,32.0,249.0,1.0,9713.0,0.0,0.0,0.0,0.0,0.0,0.0,0.0,0.0,0.0,0.0,0.0,0.0,2.0,9995.0,3.0,857.375,2445.7083333333335,5325.0,9396.25,9955.0,0.0,0.0,0.0,1249.625,3.0,0.8753139,1.088355,1.3692957
1850000,58178358,465426864,185000,1.183141827583313,0.7227889895439148,0.5838196873664856,0.523298978805542,1587.7021496130699,198.46276870163373,7738.607050730869,773.8607050730869,53.96012791820328,0.007618551,1000.0,353.0,197.0,124.0,4082.8229437786154,3519.9665812243247,28.9785,27.0,0.58762515,8381.0,1439.0,180.0,4.0,1.0,60.0,36.0,144.0,129.0,256.0,252.0,0.25,0.6,0.8958333333333334,0.984375,40486.0,36628.0,4698.0,7.0,47.0,8.0,9938.0,0.0,0.0,0.0,0.0,0.0,0.0,0.0,0.0,0.0,0.0,0.0,0.0,0.0,10000.0,0.0,984.78125,3058.25,6195.5,9524.625,9549.0,0.0,0.0,0.0,1250.0,0.0,0.85678816,1.0791641,1.3444356
1860000,58468143,467745144,186000,1.1765785217285156,0.724481999874115,0.5797398686408997,0.5209044814109802,1533.5920617420065,191.69900771775082,6615.214994487321,661.521499448732,52.12112602235061,0.0076588094,1000.0,340.0,201.0,130.0,3950.422937606273,3586.041181565017,32.1071,29.0,0.5370437000000001,6389.0,3353.0,258.0,7.0,4.0,60.0,38.0,130.0,121.0,213.0,210.0,0.5714285714285714,0.6333333333333333,0.9307692307692308,0.9859154929577465,54241.0,48941.0,6398.0,12.0,232.0,4.0,9749.0,0.0,0.0,0.0,0.0,0.0,0.0,0.0,1.0,0.0,0.0,0.0,0.0,1.0,9997.0,1.0,1296.40625,3560.9166666666665,6824.5,9397.5,9752.0,0.0,0.041666666666666664,0.0,1249.75,1.0,0.8007343,1.054016,1.3598949
1870000,58789214,470313712,187000,1.1818678379058838,0.7254199981689453,0.580097496509552,0.5259106755256653,1646.224817518248,205.778102189781,6409.115186042371,640.9115186042371,55.9490971005197,0.007536759,1000.0,375.0,180.0,148.0,4058.356338596573,3679.994658937087,35.7585,31.0,0.5502600100000001,6145.0,3309.0,546.0,5.0,2.0,62.0,36.0,132.0,124.0,225.0,224.0,0.4,0.5806451612903226,0.9393939393939394,0.9955555555555555,68037.0,61739.0,7060.0,7.0,106.0,9.0,9876.0,0.0,0.0,0.0,0.0,0.0,0.0,0.0,0.0,0.0,0.0,0.0,0.0,2.0,9998.0,0.0,1764.46875,4184.208333333333,7130.375,9585.25,9933.0,0.0,0.0,0.0,1250.0,0.0,0.84333456,1.0709336,1.3683226
1880000,59146799,473174392,188000,1.192600131034851,0.7254400253295898,0.5817343592643738,0.5350412726402283,1749.6513761467888,218.7064220183486,6116.207951070336,611.6207951070336,59.46418356374312,0.007464355,1000.0,332.0,206.0,127.0,3931.0771516885593,3672.8349989499043,34.6727,30.0,0.5783763999999999,6599.0,2905.0,496.0,6.0,2.0,75.0,47.0,159.0,138.0,288.0,275.0,0.3333333333333333,0.6266666666666667,0.8679245283018868,0.9548611111111112,72056.0,64988.0,7388.0,9.0,165.0,5.0,9819.0,0.0,0.0,0.0,0.0,0.0,0.0,0.0,0.0,0.0,0.0,0.0,0.0,2.0,9998.0,0.0,1718.0,3905.1666666666665,7027.125,9458.75,9923.0,0.0,0.0,0.0,1250.0,0.0,0.930399,1.1426867,1.3883395
1890000,59493526,475948208,189000,1.1922262907028198,0.7253689765930176,0.5819312930107117,0.5343455076217651,1763.6413987990109,220.45517484987636,6358.177322500883,635.8177322500883,59.93965272656842,0.007603687,1000.0,355.0,203.0,100.0,3956.2083322250537,3603.256043937602,38.0777,31.0,0.50551858,6422.0,2959.0,619.0,4.0,1.0,41.0,27.0,81.0,75.0,139.0,136.0,0.25,0.6585365853658537,0.9259259259259259,0.9784172661870504,74136.0,67476.0,6688.0,7.0,52.0,1.0,9940.0,0.0,0.0,0.0,0.0,0.0,0.0,0.0,0.0,0.0,0.0,0.0,0.0,0.0,10000.0,0.0,2100.96875,4457.666666666667,7605.75,9363.375,9963.0,0.0,0.0,0.0,1250.0,0.0,0.87492955,1.0735183,1.324125
1900000,59874303,478994424,190000,1.2002904415130615,0.7263389825820923,0.5826910138130188,0.5415153503417969,1764.5016251005632,220.5627031375704,5792.43765084473,579.243765084473,59.96888863916177,0.0075403955,1000.0,354.0,194.0,101.0,3959.5925908539725,3560.597533084633,36.759,31.0,0.5381684200000002,6522.0,2684.0,794.0,5.0,2.0,47.0,26.0,119.0,108.0,198.0,196.0,0.4,0.5531914893617021,0.907563025210084,0.98989898989899,77798.0,70455.0,6961.0,6.0,1231.0,2.0,8760.0,0.0,0.0,0.0,0.0,0.0,0.0,0.0,0.0,0.0,0.0,1.0,0.0,0.0,9999.0,0.0,2134.03125,4234.041666666667,6985.9375,9512.875,9806.0,0.0,0.0,0.0625,1249.875,0.0,0.89472896,1.1077678,1.3787608
1910000,60241893,481935144,191000,1.197081446647644,0.7266989946365356,0.5799722075462341,0.5409092307090759,1718.3236487583185,214.79045609478982,5843.207271546827,584.3207271546827,58.39946989708944,0.007560218,1000.0,354.0,196.0,78.0,3987.1067070247377,3624.803957558811,43.8644,39.0,0.53777854,7060.0,1784.0,1156.0,6.0,3.0,41.0,25.0,84.0,74.0,153.0,150.0,0.5,0.6097560975609756,0.8809523809523809,0.9803921568627451,93904.0,86039.0,8213.0,1.0,192.0,5.0,9800.0,0.0,0.0,0.0,0.0,0.0,0.0,0.0,0.0,0.0,0.0,1.0,0.0,0.0,9998.0,1.0,3144.59375,5166.625,7902.25,9702.125,9965.0,0.0,0.0,0.0625,1249.75,1.0,0.95685273,1.1412387,1.3925345
1920000,60680537,485444296,192000,1.1976069211959839,0.7261139750480652,0.5793647170066833,0.542066216468811,1893.9950824587706,236.74938530734633,5397.3013493253375,539.7301349325337,64.36989264694884,0.0075314594,1000.0,353.0,199.0,76.0,3997.129378918041,3683.1076021073845,38.2326,31.0,0.52026509,7287.0,1918.0,795.0,7.0,4.0,57.0,41.0,120.0,114.0,219.0,214.0,0.5714285714285714,0.7192982456140351,0.95,0.9771689497716894,81665.0,74046.0,6939.0,7.0,55.0,5.0,9927.0,0.0,0.0,0.0,0.0,0.0,0.0,0.0,0.0,0.0,0.0,1.0,0.0,1.0,9994.0,4.0,2422.15625,4230.875,7314.0625,9542.125,9914.0,0.0,0.0,0.0625,1249.375,4.0,0.8743817,1.0868815,1.3523394
1930000,61062863,488502904,193000,1.1970100402832031,0.7264140248298645,0.5806326866149902,0.5402349829673767,1758.9438977635782,219.86798722044728,5750.7987220447285,575.0798722044728,59.78000202833789,0.0074724182,1000.0,371.0,177.0,100.0,4017.04836726612,3664.636541800129,44.6066,36.0,0.4824435299999999,6158.0,2446.0,1396.0,6.0,3.0,40.0,27.0,75.0,68.0,142.0,142.0,0.5,0.675,0.9066666666666666,1.0,101463.0,92225.0,7642.0,5.0,28.0,1.0,9964.0,0.0,0.0,0.0,0.0,0.0,0.0,0.0,1.0,0.0,0.0,0.0,0.0,0.0,9998.0,1.0,3303.25,5334.416666666667,7855.3125,9604.25,9817.0,0.0,0.041666666666666664,0.0,1249.75,1.0,0.880112,1.0334342,1.3287088
1940000,61508929,492071432,194000,1.1970171928405762,0.7265909910202026,0.5787436962127686,0.5421220064163208,1724.8524167561761,215.60655209452202,4833.512352309344,483.35123523093444,58.6213585910101,0.0074751177,1000.0,373.0,187.0,94.0,4047.888845635651,3716.297167549358,43.542,37.0,0.5133733699999999,6056.0,2760.0,1184.0,5.0,2.0,39.0,24.0,86.0,79.0,144.0,143.0,0.4,0.6153846153846154,0.9186046511627907,0.9930555555555556,98559.0,88650.0,8578.0,17.0,148.0,23.0,9809.0,0.0,0.0,0.0,0.0,0.0,0.0,0.0,0.0,0.0,0.0,0.0,0.0,0.0,9997.0,3.0,2966.75,5305.083333333333,7861.0,9692.75,9844.0,0.0,0.0,0.0,1249.625,3.0,0.94225633,1.1552103,1.3242624
1950000,61944349,495554792,195000,1.1984275579452515,0.7268949747085571,0.5759443640708923,0.5464051961898804,1841.4237885462555,230.17797356828194,5286.343612334802,528.6343612334801,62.58318867036476,0.0078082066,1000.0,334.0,211.0,81.0,3975.3485847055545,3716.903136919541,42.6541,36.0,0.5432830099999999,5546.0,3267.0,1187.0,4.0,1.0,42.0,33.0,101.0,94.0,193.0,190.0,0.25,0.7857142857142857,0.9306930693069307,0.9844559585492227,86062.0,77873.0,7656.0,7.0,36.0,2.0,9955.0,0.0,0.0,0.0,0.0,0.0,0.0,0.0,0.0,0.0,0.0,0.0,0.0,0.0,10000.0,0.0,2932.46875,5052.25,7794.75,9600.0,9932.0,0.0,0.0,0.0,1250.0,0.0,0.8758484,1.0411191,1.2810099
1960000,62370890,498967120,196000,1.2062115669250488,0.7281299829483032,0.5778663754463196,0.5522392988204956,1707.1123957754307,213.38904947192884,5002.77932184547,500.27793218454696,58.01844084499211,0.0075907814,1000.0,370.0,187.0,112.0,4009.78454115366,3698.6540416670964,45.0249,39.0,0.5089019900000001,5879.0,2707.0,1414.0,4.0,1.0,30.0,22.0,77.0,74.0,133.0,133.0,0.25,0.7333333333333333,0.961038961038961,1.0,98853.0,89750.0,8304.0,8.0,24.0,4.0,9964.0,0.0,0.0,0.0,0.0,0.0,0.0,0.0,0.0,0.0,0.0,0.0,0.0,0.0,10000.0,0.0,3304.75,5318.416666666667,8231.625,9424.625,9752.0,0.0,0.0,0.0,1250.0,0.0,0.91144615,1.0803238,1.3091148
1970000,62821139,502569112,197000,1.2044378519058228,0.7280300259590149,0.5774003863334656,0.5509570837020874,1770.745759934453,221.34321999180662,4916.018025399427,491.60180253994264,60.18110370384334,0.0074203494,1000.0,390.0,178.0,104.0,4030.8175439846277,3657.7811708893555,37.3757,31.0,0.48662400000000006,6021.0,3237.0,742.0,4.0,1.0,38.0,29.0,89.0,85.0,141.0,141.0,0.25,0.7631578947368421,0.9550561797752809,1.0,77744.0,71297.0,6995.0,1.0,15.0,4.0,9980.0,0.0,0.0,0.0,0.0,0.0,0.0,0.0,0.0,0.0,0.0,0.0,0.0,0.0,10000.0,0.0,2276.125,4326.708333333333,7000.875,9436.75,9572.0,0.0,0.0,0.0,1250.0,0.0,0.92548513,1.1371713,1.4071
1980000,63194896,505559168,198000,1.210397481918335,0.7278370261192322,0.5784891843795776,0.5558303594589233,1867.812181155648,233.476522644456,6246.746486205102,624.6746486205102,63.48003260365893,0.007639009,1000.0,358.0,208.0,101.0,4033.7145025946966,3698.3462342846337,31.2398,27.0,0.5337733299999999,8271.0,1382.0,347.0,5.0,2.0,24.0,17.0,65.0,65.0,120.0,120.0,0.4,0.7083333333333334,1.0,1.0,52343.0,47873.0,6043.0,1.0,36.0,5.0,9956.0,0.0,0.0,0.0,0.0,0.0,0.0,0.0,0.0,0.0,0.0,0.0,0.0,2.0,9998.0,0.0,1271.09375,3190.875,7056.25,9230.875,8395.0,0.0,0.0,0.0,1250.0,0.0,0.8943424,1.064499,1.2491804
1990000,63507294,508058352,199000,1.2042135000228882,0.730139970779419,0.5724691152572632,0.555705189704895,1549.881550387597,193.73519379844961,6201.550387596899,620.1550387596899,52.67474553546419,0.0075381678,1000.0,364.0,214.0,118.0,4088.8963291678624,3674.2732396843207,41.726,35.0,0.5379941500000001,6618.0,2240.0,1142.0,4.0,1.0,29.0,19.0,71.0,67.0,154.0,153.0,0.25,0.6551724137931034,0.9436619718309859,0.9935064935064936,94260.0,84602.0,8250.0,2.0,16.0,2.0,9980.0,0.0,0.0,0.0,0.0,0.0,0.0,0.0,0.0,0.0,0.0,0.0,0.0,0.0,10000.0,0.0,2849.375,4932.75,7664.5625,9449.125,9468.0,0.0,0.0,0.0,1250.0,0.0,0.82971215,1.0455225,1.27037
2000000,63924554,511396432,200000,1.210858702659607,0.7286159992218018,0.5754072666168213,0.5592654943466187,1742.61716937355,217.82714617169376,5220.417633410673,522.0417633410673,59.22511687394896,0.0075454414,1000.0,363.0,200.0,158.0,4028.9286950346004,3773.1734188025544,40.3324,34.0,0.5299813,7169.0,1882.0,949.0,4.0,1.0,32.0,22.0,79.0,76.0,178.0,177.0,0.25,0.6875,0.9620253164556962,0.9943820224719101,87572.0,79136.0,7642.0,1.0,11.0,2.0,9986.0,0.0,0.0,0.0,0.0,0.0,0.0,0.0,0.0,0.0,0.0,0.0,0.0,0.0,10000.0,0.0,2652.59375,4702.5,7529.125,9409.875,9836.0,0.0,0.0,0.0,1250.0,0.0,0.88332623,1.0719266,1.2739899
2010000,64327878,514623024,201000,1.2147152423858643,0.7281500101089478,0.5776932239532471,0.5608246922492981,1818.6521371535932,227.33151714419915,5636.449037106623,563.6449037106623,61.809264403551715,0.0076589794,1000.0,369.0,208.0,121.0,4059.6886009050195,3678.257761542076,38.4191,31.0,0.5285675999999999,7239.0,1945.0,816.0,5.0,2.0,35.0,24.0,104.0,98.0,238.0,236.0,0.4,0.6857142857142857,0.9423076923076923,0.9915966386554622,81354.0,73080.0,7179.0,3.0,104.0,4.0,9888.0,0.0,0.0,0.0,0.0,0.0,0.0,0.0,0.0,0.0,0.0,0.0,0.0,0.0,9999.0,1.0,2305.5,4616.416666666667,7241.8125,9263.25,9646.0,0.0,0.0,0.0,1249.875,1.0,0.9025463,1.095403,1.3648108
2020000,64712069,517696552,202000,1.2187485694885254,0.7280229926109314,0.5799699425697327,0.5624801516532898,1774.3266196279665,221.7908274534958,5772.931366260423,577.2931366260423,60.30280388996844,0.0075221146,1000.0,386.0,188.0,146.0,4052.6228057134945,3770.23084762707,33.87,27.0,0.5392588499999998,8043.0,1412.0,545.0,6.0,3.0,35.0,25.0,87.0,83.0,181.0,180.0,0.5,0.7142857142857143,0.9540229885057471,0.994475138121547,62722.0,56972.0,5493.0,1.0,116.0,1.0,9879.0,0.0,0.0,0.0,0.0,0.0,0.0,0.0,0.0,0.0,0.0,0.0,0.0,1.0,9997.0,2.0,1638.125,3953.125,6812.25,9066.25,9879.0,0.0,0.0,0.0,1249.75,2.0,0.96173894,1.1691278,1.3747079
2030000,65050769,520406152,203000,1.2262576818466187,0.725085973739624,0.5849992632865906,0.564855694770813,1722.5075048560834,215.31343810701043,6357.054564718347,635.7054564718346,58.54166370232033,0.007587104,1000.0,361.0,203.0,114.0,4062.1812680339895,3706.5910499509605,27.4208,18.0,0.4974978000000001,8219.0,1366.0,415.0,4.0,1.0,51.0,37.0,154.0,146.0,286.0,285.0,0.25,0.7254901960784313,0.948051948051948,0.9965034965034965,58710.0,52894.0,4338.0,3.0,18.0,2.0,9977.0,0.0,0.0,0.0,0.0,0.0,0.0,0.0,0.0,0.0,0.0,0.0,0.0,0.0,10000.0,0.0,1316.65625,2653.6666666666665,5373.3125,9078.125,9789.0,0.0,0.0,0.0,1250.0,0.0,0.90997386,1.1248425,1.4128108
2040000,65324977,522599816,204000,1.2295347452163696,0.7251160144805908,0.5856849551200867,0.5673180818557739,1723.9009823182712,215.4876227897839,7858.546168958743,785.8546168958743,58.58902285096739,0.007631842,1000.0,337.0,228.0,145.0,4088.260006562049,3766.0968315535097,33.1609,28.0,0.5027928699999998,7066.0,2385.0,549.0,5.0,2.0,35.0,27.0,103.0,101.0,199.0,198.0,0.4,0.7714285714285715,0.9805825242718447,0.9949748743718593,59760.0,53876.0,5886.0,2.0,51.0,1.0,9945.0,0.0,0.0,0.0,0.0,0.0,0.0,0.0,0.0,0.0,0.0,0.0,0.0,1.0,9999.0,0.0,1589.625,3886.5416666666665,6495.8125,9220.375,9768.0,0.0,0.0,0.0,1250.0,0.0,0.89209175,1.1336194,1.3420622
2050000,65656586,525252688,205000,1.235005259513855,0.7248730063438416,0.586928129196167,0.5714489221572876,1643.7761101549054,205.47201376936317,6196.213425129087,619.6213425129088,55.865874587662105,0.007593536,1000.0,369.0,200.0,137.0,4139.192917951129,3716.2016276657905,40.1749,33.0,0.5154749300000001,6368.0,2729.0,903.0,3.0,1.0,30.0,23.0,73.0,70.0,149.0,147.0,0.3333333333333333,0.7666666666666667,0.958904109589041,0.9865771812080537,79197.0,71375.0,7068.0,0.0,6.0,2.0,9992.0,0.0,0.0,0.0,0.0,0.0,0.0,0.0,0.0,0.0,0.0,0.0,0.0,0.0,10000.0,0.0,2463.875,5086.625,7339.625,9179.125,9959.0,0.0,0.0,0.0,1250.0,0.0,0.8135423,1.0103012,1.2650177
2060000,66058335,528466680,206000,1.2384332418441772,0.7246999740600586,0.5858587026596069,0.5758674144744873,1710.834126866775,213.85426585834688,5323.081472719207,532.3081472719208,58.14492872926879,0.0076165143,1000.0,358.0,191.0,152.0,4054.1161014549452,3748.449697285307,44.7557,38.0,0.53811995,5953.0,2641.0,1406.0,5.0,2.0,28.0,17.0,63.0,59.0,129.0,129.0,0.4,0.6071428571428571,0.9365079365079365,1.0,98801.0,89575.0,8466.0,1.0,20.0,4.0,9973.0,0.0,0.0,0.0,0.0,0.0,0.0,0.0,0.0,0.0,0.0,0.0,0.0,0.0,9998.0,2.0,3140.125,5635.208333333333,7871.4375,9503.25,9859.0,0.0,0.0,0.0,1249.75,2.0,0.8242664,1.0546544,1.27108
2070000,66505892,532047136,207000,1.2504726648330688,0.7242439985275269,0.5897438526153564,0.5838630199432373,1720.9134312416554,215.11417890520693,4806.408544726301,480.6408544726301,58.487487031862,0.0074850256,1000.0,353.0,227.0,158.0,4110.832870195775,3796.3972341808385,36.1569,31.0,0.51071574,6539.0,2751.0,710.0,6.0,3.0,53.0,35.0,97.0,92.0,174.0,173.0,0.5,0.660377358490566,0.9484536082474226,0.9942528735632183,74054.0,67165.0,6143.0,3.0,155.0,12.0,9822.0,0.0,0.0,0.0,0.0,0.0,0.0,0.0,0.0,0.0,0.0,0.0,0.0,1.0,9992.0,7.0,2010.5625,4086.2083333333335,7135.5,9382.25,9936.0,0.0,0.0,0.0,1249.125,7.0,0.90163606,1.1129454,1.3453625
2080000,66867461,534939688,208000,1.2581846714019775,0.7237110137939453,0.5914266109466553,0.5897082686424255,1735.2419930011665,216.90524912514582,5999.0001666388935,599.9000166638893,58.97446188770352,0.007629206,1000.0,367.0,230.0,148.0,4148.375450498171,3785.2367435776914,39.7429,34.0,0.5041875499999998,6111.0,2983.0,906.0,5.0,2.0,43.0,32.0,96.0,94.0,166.0,165.0,0.4,0.7441860465116279,0.9791666666666666,0.9939759036144579,79977.0,72479.0,7326.0,3.0,16.0,3.0,9974.0,0.0,0.0,0.0,0.0,0.0,0.0,0.0,0.0,0.0,0.0,0.0,0.0,0.0,9996.0,4.0,2330.6875,4690.708333333333,7777.125,9487.625,9935.0,0.0,0.0,0.0,1249.5,4.0,0.81891865,0.997881,1.2433531
2090000,67264890,538119120,209000,1.2599742412567139,0.72359699010849,0.5908024311065674,0.5920566320419312,1728.2130756454778,216.02663445568473,5435.6032009663295,543.560320096633,58.7355749656622,0.007474276,1000.0,365.0,234.0,107.0,4157.019930052309,3765.3036984372675,39.638,32.0,0.48832336000000004,5759.0,3158.0,1083.0,4.0,2.0,33.0,25.0,71.0,71.0,135.0,135.0,0.5,0.7575757575757576,1.0,1.0,93402.0,84021.0,7796.0,0.0,5.0,13.0,9981.0,0.0,0.0,0.0,0.0,0.0,0.0,0.0,0.0,0.0,0.0,0.0,0.0,0.0,9999.0,1.0,2607.84375,4606.541666666667,7273.8125,9501.875,9976.0,0.0,0.0,0.0,1249.875,1.0,0.9076904,1.0823195,1.3184336
2100000,67661270,541290160,210000,1.2684074640274048,0.7205209732055664,0.5959406495094299,0.5952363014221191,1791.2669072650242,223.90836340812803,5648.831005805743,564.8831005805743,60.87854165544893,0.0075588287,1000.0,380.0,200.0,107.0,4155.023749622383,3746.8592851388257,37.0766,31.0,0.49460162999999996,6849.0,2332.0,819.0,5.0,3.0,35.0,22.0,82.0,78.0,134.0,134.0,0.6,0.6285714285714286,0.9512195121951219,1.0,80750.0,72532.0,7248.0,0.0,9.0,22.0,9935.0,0.0,0.0,0.0,0.0,0.0,0.0,0.0,0.0,0.0,0.0,0.0,0.0,2.0,9966.0,32.0,2139.21875,4282.333333333333,7132.3125,9439.125,9905.0,0.0,0.0,0.0,1246.0,32.0,0.942203,1.08269,1.2699194
2110000,68032036,544256288,211000,1.276929497718811,0.719631016254425,0.5980028510093689,0.6014617085456848,1785.031895687061,223.12898696088263,6018.054162487462,601.8054162487463,60.66663665651675,0.0075284243,1000.0,378.0,208.0,167.0,4174.431672062548,3816.205948111715,38.0875,31.0,0.49804899,7654.0,1463.0,883.0,7.0,4.0,36.0,29.0,96.0,94.0,161.0,161.0,0.5714285714285714,0.8055555555555556,0.9791666666666666,1.0,77165.0,69821.0,5318.0,1.0,1.0,15.0,9972.0,0.0,0.0,0.0,0.0,0.0,0.0,0.0,0.0,0.0,2.0,0.0,1.0,0.0,9989.0,8.0,2202.125,4767.041666666667,7222.3125,8813.25,9935.0,0.0,0.0,0.1875,1248.625,8.0,0.9290252,1.0395193,1.2472367
2120000,68412911,547303288,212000,1.2772183418273926,0.7199090123176575,0.5969343781471252,0.6026450395584106,1706.2062529164723,213.27578161455904,5599.626691553896,559.9626691553897,57.987644398320114,0.007581075,1000.0,386.0,195.0,154.0,4159.624486090127,3783.4565105576517,31.9608,29.0,0.4848379899999999,7759.0,1742.0,499.0,4.0,2.0,43.0,31.0,116.0,111.0,203.0,203.0,0.5,0.7209302325581395,0.9568965517241379,1.0,58196.0,52353.0,5259.0,0.0,8.0,35.0,9953.0,0.0,0.0,0.0,0.0,0.0,0.0,0.0,0.0,0.0,4.0,0.0,0.0,0.0,9996.0,0.0,1517.71875,3772.75,6275.1875,8772.75,9910.0,0.0,0.0,0.25,1249.5,0.0,0.9550461,1.0950335,1.3005918
2130000,68732519,549860152,213000,1.2787292003631592,0.7192109823226929,0.5983366966247559,0.6025643348693848,1635.8113381908654,204.47641727385817,6397.725253243291,639.7725253243291,55.59518142640157,0.007587498,1000.0,379.0,227.0,124.0,4157.532851393217,3807.3740143127493,34.141,28.0,0.5153635400000001,7037.0,2316.0,647.0,7.0,4.0,58.0,32.0,138.0,121.0,228.0,225.0,0.5714285714285714,0.5517241379310345,0.8768115942028986,0.9868421052631579,76274.0,68123.0,7176.0,3.0,131.0,61.0,9702.0,0.0,0.0,0.0,0.0,0.0,0.0,0.0,0.0,0.0,1.0,0.0,0.0,1.0,9897.0,101.0,1887.03125,3784.875,6643.8125,9240.875,9960.0,0.0,0.0,0.0625,1237.25,101.0,0.9431587,1.070385,1.2778445
2140000,69073929,552591432,214000,1.2856138944625854,0.7176719903945923,0.6022085547447205,0.605360209941864,1790.3510560815732,223.79388201019665,6554.9890750182085,655.4989075018208,60.8474152587094,0.007490076,1000.0,341.0,266.0,128.0,4120.296798561602,3784.700533703369,28.9417,25.0,0.45909727,8742.0,955.0,303.0,5.0,3.0,44.0,29.0,83.0,79.0,129.0,129.0,0.6,0.6590909090909091,0.9518072289156626,1.0,41297.0,37728.0,3343.0,0.0,10.0,17.0,9954.0,0.0,0.0,0.0,0.0,0.0,0.0,0.0,0.0,0.0,2.0,0.0,0.0,0.0,9981.0,17.0,1122.375,3052.625,6131.5,9019.875,9975.0,0.0,0.0,0.125,1247.625,17.0,0.8944615,1.0532838,1.3113936
2150000,69363346,554906768,215000,1.2754570245742798,0.7198290228843689,0.5967784523963928,0.6005974411964417,1640.4663648888015,205.0582956111002,7085.219444991144,708.5219444991144,55.75338857888573,0.007464226,1000.0,382.0,221.0,128.0,4135.545067829352,3825.516998468512,40.9722,31.0,0.47975577000000014,6937.0,1718.0,1345.0,6.0,4.0,47.0,28.0,97.0,92.0,167.0,166.0,0.6666666666666666,0.5957446808510638,0.9484536082474226,0.9940119760479041,89591.0,81335.0,7189.0,0.0,1.0,135.0,9841.0,0.0,0.0,0.0,0.0,0.0,0.0,0.0,0.0,0.0,6.0,0.0,0.0,9.0,9977.0,8.0,2940.21875,4752.416666666667,7309.625,9329.5,9987.0,0.0,0.0,0.375,1248.25,8.0,0.85691744,1.0068712,1.2251481
2160000,69773068,558184544,216000,1.2700631618499756,0.7209190130233765,0.5933259129524231,0.5986995697021484,1666.9012007345668,208.36265009182085,5085.464048594434,508.5464048594434,56.65181094613001,0.007414374,1000.0,372.0,216.0,153.0,4101.165430221406,3788.2125877827466,33.5884,28.0,0.45525614999999997,5904.0,3452.0,644.0,5.0,3.0,42.0,26.0,91.0,85.0,186.0,186.0,0.6,0.6190476190476191,0.9340659340659341,1.0,60546.0,54794.0,5034.0,0.0,2.0,183.0,9807.0,0.0,0.0,0.0,0.0,0.0,0.0,0.0,0.0,0.0,1.0,0.0,0.0,0.0,9992.0,7.0,1703.09375,3744.8333333333335,6782.9375,9124.25,9988.0,0.0,0.0,0.0625,1249.0,7.0,1.0071564,1.1193312,1.3799119
2170000,70108952,560871616,217000,1.2680772542953491,0.7223960161209106,0.589812159538269,0.6002747416496277,1729.874678111588,216.2343347639485,6437.768240343348,643.7768240343348,58.79204669220258,0.007495519,1000.0,372.0,229.0,141.0,4105.639153949212,3879.718902893424,32.0646,27.0,0.45085850999999993,7349.0,2198.0,453.0,7.0,5.0,42.0,31.0,103.0,99.0,207.0,207.0,0.7142857142857143,0.7380952380952381,0.9611650485436893,1.0,64186.0,57022.0,5995.0,4.0,0.0,23.0,9964.0,0.0,0.0,0.0,0.0,0.0,0.0,0.0,0.0,0.0,5.0,0.0,1.0,1.0,9991.0,2.0,1549.59375,3793.625,6323.75,8611.125,9943.0,0.0,0.0,0.375,1249.0,2.0,0.98514813,1.0284933,1.3724768
2180000,70429598,563436784,218000,1.26553213596344,0.72114497423172,0.5909416675567627,0.5965693593025208,1680.8527120495085,210.10658900618856,6552.60283946123,655.260283946123,57.12597125093906,0.0075326287,1000.0,363.0,242.0,165.0,4177.569478923369,3867.013568192936,40.6227,33.0,0.4589572400000001,5379.0,3423.0,1198.0,10.0,6.0,65.0,37.0,134.0,123.0,195.0,193.0,0.6,0.5692307692307692,0.917910447761194,0.9897435897435898,89028.0,80291.0,7437.0,67.0,4.0,260.0,9613.0,0.0,0.0,0.0,0.0,0.0,0.0,0.0,0.0,0.0,8.0,1.0,2.0,2.0,9944.0,43.0,2881.90625,4717.083333333333,7247.0625,9356.25,9993.0,0.0,0.0,0.6875,1243.25,43.0,0.9479641,1.0448189,1.2830321
2190000,70835825,566686600,219000,1.2753804922103882,0.7203320264816284,0.5934197902679443,0.6038693189620972,1782.348811700183,222.79360146252287,5484.460694698355,548.4460694698355,60.57544854848118,0.007402419,1000.0,380.0,220.0,169.0,4160.675965416832,3828.948183369608,37.1861,29.0,0.43727438,6462.0,2445.0,1093.0,7.0,4.0,51.0,31.0,97.0,92.0,152.0,150.0,0.5714285714285714,0.6078431372549019,0.9484536082474226,0.9868421052631579,78078.0,70536.0,6457.0,4.0,2.0,289.0,9667.0,0.0,0.0,0.0,0.0,0.0,0.0,0.0,0.0,0.0,5.0,0.0,1.0,0.0,9962.0,32.0,2481.75,4235.583333333333,6776.5,9062.625,9866.0,0.0,0.0,0.375,1245.25,32.0,0.9338985,1.0288785,1.2446755
2200000,71207686,569661488,220000,1.2769639492034912,0.7194430232048035,0.5946979522705078,0.6041109561920166,1834.1491351258778,229.26864189073473,6165.439287549238,616.5439287549239,62.335950087725166,0.0075444616,1000.0,376.0,244.0,155.0,4282.47688388192,3839.0343675446197,33.8018,27.0,0.47346566999999995,6606.0,2610.0,784.0,9.0,5.0,112.0,67.0,260.0,228.0,445.0,432.0,0.5555555555555556,0.5982142857142857,0.8769230769230769,0.9707865168539326,75949.0,67193.0,6534.0,2233.0,0.0,653.0,6974.0,0.0,0.0,0.0,0.0,0.0,0.0,0.0,0.0,0.0,7.0,0.0,2.0,8.0,9860.0,123.0,1893.28125,3866.125,6361.0625,9138.875,9758.0,0.0,0.0,0.5625,1233.5,123.0,0.90825385,0.9805642,1.2596971
2210000,71545704,572365632,221000,1.2722868919372559,0.7200030088424683,0.5935636162757874,0.6004999279975891,1760.3830741410488,220.0478842676311,6509.945750452079,650.994575045208,59.82891431421223,0.007533909,1000.0,367.0,232.0,156.0,4147.49909578234,3878.512597283421,33.4612,25.0,0.46276004000000004,7351.0,1914.0,735.0,10.0,6.0,87.0,55.0,202.0,182.0,328.0,324.0,0.6,0.632183908045977,0.900990099009901,0.9878048780487805,64633.0,58205.0,5468.0,231.0,6.0,321.0,9167.0,0.0,0.0,0.0,0.0,0.0,0.0,0.0,0.0,0.0,9.0,15.0,5.0,143.0,9725.0,103.0,1741.0,3596.8333333333335,6761.375,9319.375,9839.0,0.0,0.0,1.8125,1233.5,103.0,0.94967985,1.0353807,1.2379616
2220000,71880316,575042528,222000,1.2654519081115723,0.7200149893760681,0.5896468162536621,0.5974282622337341,1675.6782472613459,209.45978090766823,6259.7809076682315,625.9780907668232,56.95011031761127,0.0075020324,1000.0,365.0,252.0,123.0,4233.386369636091,3858.2808283675704,27.5307,21.0,0.43114035999999994,8565.0,1029.0,406.0,8.0,4.0,40.0,30.0,85.0,79.0,143.0,140.0,0.5,0.75,0.9294117647058824,0.9790209790209791,44470.0,41017.0,3303.0,3.0,2.0,41.0,9926.0,0.0,0.0,0.0,0.0,0.0,0.0,0.0,0.0,0.0,2.0,0.0,0.0,17.0,9972.0,9.0,1272.34375,2575.7916666666665,5835.75,8678.625,9972.0,0.0,0.0,0.125,1248.625,9.0,1.0217463,1.0962616,1.3189553
2230000,72155623,577244984,223000,1.2573421001434326,0.7207329869270325,0.5876083374023438,0.5914454460144043,1762.7482436638506,220.34353045798133,8003.557136505114,800.3557136505113,59.909297684625706,0.007554176,1000.0,372.0,219.0,138.0,4181.607645205416,3851.2949850039863,34.4585,29.0,0.44039629,7200.0,2011.0,789.0,6.0,4.0,25.0,19.0,56.0,55.0,91.0,91.0,0.6666666666666666,0.76,0.9821428571428571,1.0,65943.0,60000.0,5337.0,1.0,0.0,28.0,9967.0,0.0,0.0,0.0,0.0,0.0,0.0,0.0,0.0,0.0,0.0,0.0,1.0,1.0,9996.0,2.0,1894.21875,3719.5416666666665,6921.5625,9247.75,9974.0,0.0,0.0,0.0625,1249.625,2.0,1.0264311,1.0415553,1.2862959
2240000,72500208,580001664,224000,1.2502639293670654,0.720329999923706,0.5841825008392334,0.5877463817596436,1695.2593098735906,211.90741373419883,6149.641270925863,614.9641270925863,57.615598264194055,0.0077049644,1000.0,390.0,223.0,118.0,4220.488710270736,3924.7659396349486,38.4861,29.0,0.43479334,6565.0,2335.0,1100.0,5.0,2.0,35.0,20.0,57.0,53.0,76.0,76.0,0.4,0.5714285714285714,0.9298245614035088,1.0,79668.0,71710.0,6708.0,4.0,2.0,15.0,9939.0,0.0,0.0,0.0,0.0,0.0,0.0,0.0,0.0,0.0,0.0,0.0,0.0,0.0,9960.0,40.0,2472.25,4362.75,7221.3125,9438.125,9997.0,0.0,0.0,0.0,1245.0,40.0,0.9388869,0.97794527,1.1981878
2250000,72885069,583080552,225000,1.2407745122909546,0.7215920090675354,0.5783423185348511,0.584238588809967,1775.427967323402,221.92849591542526,5766.458433445459,576.6458433445459,60.34023462755521,0.007542794,1000.0,347.0,263.0,123.0,4207.767326535512,3864.645250847828,32.6675,26.0,0.4344365599999999,6249.0,2849.0,902.0,5.0,3.0,25.0,22.0,43.0,42.0,85.0,85.0,0.6,0.88,0.9767441860465116,1.0,67446.0,61530.0,5193.0,4.0,0.0,4.0,9986.0,0.0,0.0,0.0,0.0,0.0,0.0,0.0,0.0,0.0,0.0,0.0,0.0,1.0,9994.0,5.0,1962.4375,3713.3333333333335,5883.4375,8828.125,9997.0,0.0,0.0,0.0,1249.375,5.0,0.9567009,1.0206498,1.2488118
2260000,73211744,585693952,226000,1.2353652715682983,0.7222560048103333,0.5755479335784912,0.5816739201545715,1698.5448636938074,212.31810796172593,6499.368116988626,649.9368116988626,57.727262095136304,0.0073905215,1000.0,377.0,232.0,104.0,4206.006888344785,3893.3068442752924,44.5038,36.0,0.49880843999999996,6193.0,2068.0,1739.0,10.0,6.0,70.0,49.0,136.0,131.0,227.0,225.0,0.6,0.7,0.9632352941176471,0.9911894273127754,97044.0,87868.0,7759.0,32.0,7.0,169.0,9712.0,0.0,0.0,0.0,0.0,0.0,0.0,0.0,0.0,0.0,5.0,20.0,3.0,25.0,9920.0,27.0,3465.6875,5102.75,7731.125,9749.125,9979.0,0.0,0.0,1.75,1243.125,27.0,1.0035555,1.0388659,1.2931566
2270000,73656782,589254256,227000,1.2303998470306396,0.7223029732704163,0.572799801826477,0.5794394612312317,1735.5578063642517,216.94472579553147,4874.746106973595,487.4746106973595,58.9851952166686,0.007391286,1000.0,362.0,243.0,169.0,4193.932856836223,3910.352835213224,26.1878,19.0,0.45693390000000006,8839.0,612.0,549.0,8.0,5.0,42.0,32.0,84.0,80.0,119.0,118.0,0.625,0.7619047619047619,0.9523809523809523,0.9915966386554622,44446.0,41396.0,2629.0,0.0,1.0,12.0,9973.0,0.0,0.0,0.0,0.0,0.0,0.0,0.0,0.0,0.0,1.0,1.0,0.0,2.0,9986.0,10.0,1487.125,2513.5833333333335,5036.5,7923.5,9992.0,0.0,0.0,0.125,1248.5,10.0,0.9134086,1.0098729,1.2510822
2280000,73918660,591349280,228000,1.2210489511489868,0.7237650156021118,0.5694247484207153,0.5734935998916626,1648.183216783217,206.02290209790212,7867.132867132867,786.7132867132867,56.015655853292316,0.0073976764,1000.0,320.0,265.0,135.0,4180.409278118857,3855.1019607741578,33.4265,28.0,0.44488282000000007,7032.0,2437.0,531.0,5.0,2.0,31.0,25.0,65.0,62.0,110.0,108.0,0.4,0.8064516129032258,0.9538461538461539,0.9818181818181818,53351.0,48570.0,5209.0,1.0,1.0,2.0,9995.0,0.0,0.0,0.0,0.0,0.0,0.0,0.0,0.0,0.0,0.0,0.0,0.0,0.0,9999.0,1.0,1648.9375,3896.7916666666665,6707.375,8834.5,9982.0,0.0,0.0,0.0,1249.875,1.0,0.99883026,1.0627834,1.3405747
2290000,74252925,594023400,229000,1.219745397567749,0.7240089774131775,0.5667591094970703,0.574948787689209,1647.8657993837726,205.98322492297157,6162.273194111605,616.2273194111606,56.004868009059905,0.007402781,1000.0,374.0,252.0,196.0,4236.166617897822,3953.4653783031827,37.9263,29.0,0.48059572,7358.0,1663.0,979.0,4.0,3.0,25.0,20.0,43.0,42.0,65.0,65.0,0.75,0.8,0.9767441860465116,1.0,71227.0,65311.0,6036.0,0.0,0.0,8.0,9988.0,0.0,0.0,0.0,0.0,0.0,0.0,0.0,0.0,0.0,0.0,0.0,1.0,0.0,9996.0,3.0,2337.78125,4047.25,7530.3125,9605.0,9995.0,0.0,0.0,0.0625,1249.5,3.0,0.93217224,1.0080756,1.18849
2300000,74632188,597057504,230000,1.210161566734314,0.7260919809341431,0.5617491006851196,0.5705381631851196,1641.28841472577,205.16105184072126,5409.46656649136,540.946656649136,55.7813270145481,0.0075492365,1000.0,399.0,229.0,130.0,4217.974099094136,3876.4852591927456,42.1856,33.0,0.4917488800000001,6012.0,2574.0,1414.0,6.0,4.0,45.0,36.0,95.0,87.0,136.0,135.0,0.6666666666666666,0.8,0.9157894736842105,0.9926470588235294,80932.0,73393.0,6881.0,3.0,0.0,6.0,9977.0,0.0,0.0,0.0,0.0,0.0,0.0,0.0,0.0,0.0,0.0,1.0,0.0,3.0,9986.0,10.0,2836.96875,5054.625,7819.125,9340.75,9930.0,0.0,0.0,0.0625,1248.625,10.0,0.98151594,0.98733634,1.2417972
2310000,75054044,600432352,231000,1.2050789594650269,0.7257270216941833,0.5592890977859497,0.5680226683616638,1699.9374282915908,212.49217853644885,5037.078494473206,503.7078494473206,57.77459021889621,0.007388901,1000.0,356.0,260.0,118.0,4229.360391044625,3926.104537771576,36.2247,27.0,0.4463286,6883.0,2257.0,860.0,3.0,3.0,28.0,23.0,65.0,61.0,111.0,108.0,1.0,0.8214285714285714,0.9384615384615385,0.972972972972973,73309.0,66188.0,5714.0,0.0,0.0,0.0,9997.0,0.0,0.0,0.0,0.0,0.0,0.0,0.0,0.0,0.0,2.0,0.0,0.0,0.0,9997.0,1.0,2148.40625,4031.9166666666665,7127.75,9088.0,9984.0,0.0,0.0,0.125,1249.625,1.0,0.9984906,1.0082957,1.2992412
2320000,75416291,603330328,232000,1.2020481824874878,0.7254459857940674,0.5571810007095337,0.5672730803489685,1706.0856255110386,213.26070318887983,5887.162714636141,588.716271463614,57.98354471864832,0.0074473876,1000.0,392.0,227.0,188.0,4207.6130463020545,3894.3078427555492,44.0109,35.0,0.43188912999999995,6144.0,2069.0,1787.0,4.0,3.0,40.0,30.0,95.0,87.0,137.0,136.0,0.75,0.75,0.9157894736842105,0.9927007299270073,90966.0,82175.0,6801.0,0.0,0.0,6.0,9988.0,0.0,0.0,0.0,0.0,0.0,0.0,0.0,0.0,0.0,2.0,0.0,0.0,0.0,9994.0,4.0,3358.375,5121.291666666667,7742.375,9483.875,9981.0,0.0,0.0,0.125,1249.25,4.0,0.8750115,0.9623513,1.199846
2330000,75856400,606851200,233000,1.2018176317214966,0.7250530123710632,0.5566472411155701,0.5677251815795898,1672.6232779097388,209.07790973871735,4750.593824228028,475.05938242280286,56.846283200516865,0.0074002654,1000.0,386.0,245.0,162.0,4247.449653346043,3952.2116453050103,35.2922,27.0,0.45194942999999993,6799.0,2390.0,811.0,3.0,2.0,31.0,24.0,71.0,70.0,131.0,131.0,0.6666666666666666,0.7741935483870968,0.9859154929577465,1.0,68388.0,61944.0,5539.0,0.0,0.0,1.0,9995.0,0.0,0.0,0.0,0.0,0.0,0.0,0.0,0.0,0.0,0.0,0.0,0.0,0.0,9996.0,4.0,2054.09375,3845.2916666666665,6876.125,9364.0,9974.0,0.0,0.0,0.0,1249.5,4.0,0.9261447,1.0061806,1.2749535
2340000,76209322,609674576,234000,1.2001450061798096,0.7255480289459229,0.5554009079933167,0.5674636363983154,1610.8008874801903,201.3501109350238,5705.229793977813,570.5229793977813,54.74516864537154,0.007410202,1000.0,366.0,251.0,156.0,4309.533730592866,3949.833825341698,36.2425,27.0,0.44816684000000007,6662.0,2409.0,929.0,5.0,3.0,40.0,37.0,112.0,110.0,199.0,198.0,0.6,0.925,0.9821428571428571,0.9949748743718593,77381.0,69350.0,6420.0,0.0,1.0,4.0,9992.0,0.0,0.0,0.0,0.0,0.0,0.0,0.0,0.0,0.0,0.0,2.0,0.0,1.0,9997.0,0.0,2132.53125,4268.75,6843.5625,9036.25,9947.0,0.0,0.0,0.125,1249.75,0.0,0.9675355,1.0026077,1.2421026
2350000,76571747,612573976,235000,1.210365891456604,0.7224860191345215,0.5606271624565125,0.5724689364433289,1711.963260619977,213.99540757749713,5904.543217976054,590.4543217976053,58.18330381226177,0.0075629237,1000.0,381.0,249.0,169.0,4242.38187178064,3928.8668170103438,37.5643,31.0,0.47569212000000005,7245.0,1813.0,942.0,6.0,4.0,43.0,39.0,124.0,123.0,218.0,216.0,0.6666666666666666,0.9069767441860465,0.9919354838709677,0.9908256880733946,75266.0,67508.0,5403.0,2.0,0.0,1.0,9992.0,0.0,0.0,0.0,0.0,0.0,0.0,0.0,0.0,0.0,0.0,2.0,0.0,1.0,9995.0,2.0,2258.90625,4552.458333333333,6957.4375,9102.75,9958.0,0.0,0.0,0.125,1249.5,2.0,0.95265114,0.9836881,1.2641425
2360000,76947390,615579120,236000,1.2127516269683838,0.7236059904098511,0.5605898499488831,0.5747811794281006,1576.5838531040513,197.0729816380064,5246.283882250073,524.6283882250073,53.58225811308563,0.0075590815,1000.0,375.0,243.0,183.0,4236.461041559936,3921.579792639273,38.5911,29.0,0.45850987000000015,6232.0,2635.0,1133.0,3.0,3.0,33.0,29.0,97.0,94.0,167.0,167.0,1.0,0.8787878787878788,0.9690721649484536,1.0,83039.0,74584.0,6225.0,0.0,0.0,0.0,9997.0,0.0,0.0,0.0,0.0,0.0,0.0,0.0,0.0,0.0,0.0,1.0,0.0,0.0,9997.0,2.0,2663.8125,4296.0,7050.125,9348.375,9976.0,0.0,0.0,0.0625,1249.625,2.0,0.9458701,0.96755475,1.2289809
2370000,77333301,618666408,237000,1.2121226787567139,0.7236250042915344,0.5601900219917297,0.5745601058006287,1691.1498478393182,211.39373097991478,5477.784540474741,547.7784540474742,57.475932838220814,0.0075081815,1000.0,374.0,239.0,116.0,4254.154912089274,3894.560804940437,42.4296,35.0,0.45856942,5919.0,2724.0,1357.0,6.0,3.0,81.0,51.0,223.0,200.0,377.0,372.0,0.5,0.6296296296296297,0.8968609865470852,0.986737400530504,99220.0,86916.0,7940.0,1.0,1.0,688.0,9304.0,0.0,0.0,0.0,0.0,0.0,0.0,0.0,0.0,0.0,0.0,5.0,0.0,1.0,9994.0,0.0,3011.6875,5276.208333333333,7378.625,9158.5,9967.0,0.0,0.0,0.3125,1249.375,0.0,0.9780666,0.97278726,1.1944431
2380000,77757597,622060776,238000,1.2117687463760376,0.7218179702758789,0.5602377653121948,0.574148952960968,1803.9156775907884,225.48945969884855,5314.437555358725,531.4437555358725,61.30842660896652,0.0075769117,1000.0,366.0,253.0,132.0,4210.337328441611,3992.5158474880336,34.4538,24.0,0.46856132000000006,7182.0,1872.0,946.0,4.0,3.0,51.0,30.0,120.0,110.0,181.0,177.0,0.75,0.5882352941176471,0.9166666666666666,0.9779005524861878,73324.0,65744.0,5060.0,0.0,0.0,76.0,9902.0,0.0,0.0,0.0,0.0,0.0,0.0,0.0,0.0,0.0,0.0,12.0,0.0,0.0,9978.0,10.0,2011.4375,3902.875,6754.6875,8557.375,9969.0,0.0,0.0,0.75,1247.25,10.0,0.9321731,1.0201683,1.2999755
2390000,78102135,624817080,239000,1.2037723064422607,0.7217919826507568,0.5573105812072754,0.5690757632255554,1689.8321525885558,211.22901907356948,6130.7901907356945,613.0790190735695,57.431149246849046,0.007442984,1000.0,345.0,284.0,123.0,4253.006450200193,3959.666314259599,42.2564,34.0,0.4534960800000001,5797.0,2678.0,1525.0,4.0,2.0,34.0,27.0,68.0,66.0,134.0,133.0,0.5,0.7941176470588235,0.9705882352941176,0.9925373134328358,98854.0,88765.0,7383.0,1.0,0.0,3.0,9987.0,0.0,0.0,0.0,0.0,0.0,0.0,0.0,0.0,0.0,0.0,0.0,0.0,0.0,9991.0,9.0,3382.5,4890.041666666667,7198.125,8980.0,9953.0,0.0,0.0,0.0,1248.875,9.0,0.87884694,0.9338741,1.2146797
2400000,78524699,628197592,240000,1.2046499252319336,0.7216989994049072,0.5586442947387695,0.5686390399932861,1688.3800221975582,211.04750277469478,4994.450610432853,499.44506104328525,57.38179670193297,0.0074621025,1000.0,378.0,273.0,142.0,4286.469469604464,3932.1536901086142,43.1729,38.0,0.42965972,4949.0,3045.0,2006.0,3.0,2.0,23.0,20.0,66.0,64.0,142.0,140.0,0.6666666666666666,0.8695652173913043,0.9696969696969697,0.9859154929577465,105902.0,94943.0,7071.0,0.0,0.0,2.0,9996.0,0.0,0.0,0.0,0.0,0.0,0.0,0.0,0.0,0.0,0.0,0.0,0.0,0.0,9998.0,2.0,3758.40625,5039.708333333333,6672.6875,9219.25,9990.0,0.0,0.0,0.0,1249.75,2.0,0.94580114,0.96436346,1.22236
2410000,78956428,631651424,241000,1.2056982517242432,0.7212299704551697,0.5577146410942078,0.570702850818634,1851.369148302561,231.42114353782011,5360.333531864205,536.0333531864204,62.92119469043192,0.0076137176,1000.0,413.0,236.0,150.0,4292.676000901828,3978.557392912683,38.4904,29.0,0.4567506,6676.0,2170.0,1154.0,2.0,1.0,37.0,29.0,81.0,78.0,144.0,143.0,0.5,0.7837837837837838,0.9629629629629629,0.9930555555555556,87928.0,78089.0,7192.0,2.0,0.0,0.0,9998.0,0.0,0.0,0.0,0.0,0.0,0.0,0.0,0.0,0.0,0.0,0.0,0.0,0.0,10000.0,0.0,2599.03125,4574.666666666667,6875.0625,9029.375,9707.0,0.0,0.0,0.0,1250.0,0.0,0.93581086,0.9358383,1.1962157
2420000,79341332,634730656,242000,1.204521656036377,0.7219939827919006,0.556663990020752,0.5705388188362122,1760.6790343074967,220.0848792884371,5717.916137229987,571.7916137229987,59.83897290640102,0.007521286,1000.0,387.0,273.0,120.0,4286.38718223454,3994.3772662565525,42.7472,37.0,0.47578290000000006,5532.0,3074.0,1394.0,5.0,4.0,40.0,34.0,101.0,95.0,187.0,185.0,0.8,0.85,0.9405940594059405,0.9893048128342246,86206.0,76337.0,7383.0,1.0,0.0,0.0,9988.0,0.0,0.0,0.0,0.0,0.0,0.0,0.0,0.0,0.0,1.0,0.0,2.0,0.0,9989.0,8.0,3005.75,5489.583333333333,7255.125,9194.0,9904.0,0.0,0.0,0.1875,1248.625,8.0,0.9479301,0.9820631,1.2176169
2430000,79768804,638150432,243000,1.2085447311401367,0.7219730019569397,0.5562301874160767,0.5749700665473938,1724.7399271504623,215.5924908938078,5043.4295320818155,504.3429532081816,58.61753548507347,0.007548663,1000.0,386.0,247.0,119.0,4271.2961345774975,4046.273685510693,41.3221,34.0,0.44073814999999994,6493.0,2147.0,1360.0,5.0,3.0,48.0,39.0,142.0,137.0,240.0,239.0,0.6,0.8125,0.9647887323943662,0.9958333333333333,95839.0,84943.0,7494.0,0.0,1.0,1.0,9996.0,0.0,0.0,0.0,0.0,0.0,0.0,0.0,0.0,0.0,1.0,0.0,1.0,0.0,9998.0,0.0,2983.59375,5112.583333333333,6898.0,9337.75,9974.0,0.0,0.0,0.125,1249.75,0.0,1.0459119,1.0415344,1.3256925
2440000,80182025,641456200,244000,1.206926941871643,0.7226009964942932,0.5565362572669983,0.5728915333747864,1802.054027861902,225.25675348273774,5451.241671714112,545.1241671714113,61.24515601533906,0.00745441,1000.0,398.0,235.0,101.0,4251.626572143542,4038.1595591232117,48.3818,45.0,0.44733979,4731.0,3116.0,2153.0,3.0,3.0,29.0,25.0,74.0,74.0,134.0,134.0,1.0,0.8620689655172413,1.0,1.0,100968.0,90706.0,7635.0,0.0,0.0,0.0,9993.0,0.0,0.0,0.0,0.0,0.0,0.0,1.0,0.0,0.0,0.0,0.0,0.0,0.0,9993.0,6.0,4156.5625,6058.708333333333,7588.125,9256.0,9941.0,0.0,0.041666666666666664,0.0,1249.125,6.0,0.9678922,0.99193907,1.230432
2450000,80665843,645326744,245000,1.2030256986618042,0.723114013671875,0.5527477860450745,0.5726727247238159,1719.392694965449,214.92408687068112,4442.250740375123,444.2250740375123,58.43580282647502,0.007520892,1000.0,363.0,273.0,156.0,4303.1858998664475,4063.8753458203637,38.8201,28.0,0.43742441,5661.0,2979.0,1360.0,2.0,2.0,28.0,25.0,66.0,65.0,126.0,126.0,1.0,0.8928571428571429,0.9848484848484849,1.0,84118.0,75691.0,5867.0,0.0,0.0,0.0,9999.0,0.0,0.0,0.0,0.0,0.0,0.0,0.0,0.0,0.0,0.0,0.0,0.0,0.0,9999.0,1.0,2737.53125,4280.333333333333,7179.9375,9130.625,9948.0,0.0,0.0,0.0,1249.875,1.0,0.8546078,0.8686268,1.1341022
2460000,81054044,648432352,246000,1.2012252807617188,0.7237629890441895,0.5524522066116333,0.5711317658424377,1763.15861851443,220.39482731430374,5677.337959312411,567.7337959312412,59.92324480905145,0.007435723,1000.0,387.0,267.0,141.0,4337.348687137166,4086.4864857753696,47.4329,43.0,0.42781527999999996,5656.0,2443.0,1901.0,2.0,2.0,21.0,17.0,55.0,54.0,112.0,112.0,1.0,0.8095238095238095,0.9818181818181818,1.0,110751.0,99311.0,7809.0,0.0,0.0,0.0,9999.0,0.0,0.0,0.0,0.0,0.0,0.0,0.0,0.0,0.0,0.0,0.0,0.0,0.0,9999.0,1.0,4048.625,5622.833333333333,7709.625,9559.25,9997.0,0.0,0.0,0.0,1249.875,1.0,0.9832107,0.99864346,1.2337859
2470000,81528373,652226984,247000,1.1993801593780518,0.7235469818115234,0.5524455904960632,0.5693089365959167,1850.28785046729,231.28598130841124,4876.066639577408,487.60666395774075,62.88444537348786,0.0074735694,1000.0,410.0,239.0,137.0,4274.8227439944085,4073.275362983738,44.9154,37.0,0.44047881,6473.0,1816.0,1711.0,5.0,5.0,28.0,22.0,65.0,63.0,169.0,167.0,1.0,0.7857142857142857,0.9692307692307692,0.9881656804733728,112384.0,100249.0,8208.0,0.0,0.0,0.0,9991.0,0.0,0.0,0.0,0.0,0.0,0.0,2.0,0.0,0.0,0.0,1.0,3.0,0.0,9991.0,3.0,3717.5625,5234.75,7503.3125,9330.5,9861.0,0.0,0.08333333333333333,0.25,1248.875,3.0,0.91292787,0.9674778,1.2851435
2480000,81977527,655820216,248000,1.1938499212265015,0.7224400043487549,0.5515367984771729,0.5647492408752441,1855.6355185769617,231.9544398221202,5164.251900731602,516.4251900731603,63.06619284755427,0.007422058,1000.0,385.0,261.0,166.0,4290.77541032187,4028.8903577439914,43.237,36.0,0.44954998999999995,6303.0,2004.0,1693.0,2.0,2.0,36.0,32.0,88.0,84.0,172.0,170.0,1.0,0.8888888888888888,0.9545454545454546,0.9883720930232558,103921.0,93138.0,7699.0,0.0,0.0,0.0,9998.0,0.0,0.0,0.0,0.0,0.0,0.0,0.0,0.0,0.0,0.0,0.0,0.0,0.0,9998.0,2.0,3600.40625,4902.708333333333,7207.5,9277.75,9950.0,0.0,0.0,0.0,1249.75,2.0,0.94781756,1.0010371,1.2394668
2490000,82409897,659279176,249000,1.2028887271881104,0.719307005405426,0.556104838848114,0.5691310167312622,1859.9336818521283,232.49171023151604,5377.14712471994,537.7147124719941,63.21227153126572,0.007399894,1000.0,384.0,265.0,164.0,4327.937973656554,4004.2468361164597,41.1542,31.0,0.42895602,5485.0,2942.0,1573.0,2.0,2.0,26.0,22.0,61.0,59.0,137.0,136.0,1.0,0.8461538461538461,0.9672131147540983,0.9927007299270073,97504.0,87291.0,6848.0,0.0,0.0,0.0,9996.0,0.0,0.0,0.0,0.0,0.0,0.0,0.0,0.0,0.0,0.0,0.0,0.0,0.0,9996.0,4.0,3193.78125,4654.333333333333,7226.875,9007.625,9946.0,0.0,0.0,0.0,1249.5,4.0,0.87498343,0.8909094,1.1672555
2500000,82821439,662571512,250000,1.2006529569625854,0.7210419774055481,0.5536487102508545,0.5692545771598816,1794.4601968205907,224.30752460257384,5450.416351249054,545.0416351249054,60.98706976504443,0.007503353,1000.0,400.0,268.0,125.0,4305.905697838473,4038.327652482922,39.887,32.0,0.40913773000000003,6334.0,2378.0,1288.0,1.0,1.0,32.0,27.0,102.0,100.0,326.0,325.0,1.0,0.84375,0.9803921568627451,0.9969325153374233,103405.0,90889.0,8192.0,0.0,0.0,0.0,10000.0,0.0,0.0,0.0,0.0,0.0,0.0,0.0,0.0,0.0,0.0,0.0,0.0,0.0,10000.0,0.0,2804.5625,4654.375,7115.0625,9236.125,9689.0,0.0,0.0,0.0,1250.0,0.0,0.931413,0.9557147,1.1716262
2510000,83220309,665762472,251000,1.206697940826416,0.719406008720398,0.5590674877166748,0.569788932800293,1869.0946957370647,233.6368369671331,5857.46827204686,585.7468272046859,63.523620534107394,0.0074982075,1000.0,382.0,271.0,112.0,4286.444571646295,4045.497728035029,48.2603,45.0,0.43454495,5831.0,2155.0,2014.0,2.0,1.0,33.0,28.0,112.0,109.0,270.0,269.0,0.5,0.8484848484848485,0.9732142857142857,0.9962962962962963,114130.0,101062.0,8568.0,0.0,0.0,1.0,9999.0,0.0,0.0,0.0,0.0,0.0,0.0,0.0,0.0,0.0,0.0,0.0,0.0,0.0,10000.0,0.0,4237.34375,5754.625,7733.0625,9402.375,9949.0,0.0,0.0,0.0,1250.0,0.0,0.8777046,0.9271507,1.1895278
2520000,83702912,669623296,252000,1.2073509693145752,0.7193629741668701,0.5597813725471497,0.5697002410888672,1831.7035318924618,228.96294148655772,4744.33315761729,474.43331576172903,62.2528330727709,0.0075392514,1000.0,385.0,258.0,123.0,4281.461078604863,4104.3350621513355,48.9325,45.0,0.42595582999999987,5940.0,1735.0,2325.0,3.0,1.0,38.0,30.0,90.0,87.0,201.0,201.0,0.3333333333333333,0.7894736842105263,0.9666666666666667,1.0,108368.0,96879.0,8109.0,2.0,1.0,0.0,9997.0,0.0,0.0,0.0,0.0,0.0,0.0,0.0,0.0,0.0,0.0,0.0,0.0,0.0,10000.0,0.0,4355.6875,5742.333333333333,7897.6875,9480.875,9917.0,0.0,0.0,0.0,1250.0,0.0,1.0019735,1.0348724,1.2225631
2530000,84192237,673537896,253000,1.2123323678970337,0.7172200083732605,0.5618354082107544,0.5725551247596741,1882.522041143468,235.3152551429335,4808.976756612343,480.8976756612343,63.97996637700241,0.0075209644,1000.0,395.0,282.0,119.0,4381.202802367168,4109.0685911527435,47.1619,41.0,0.44717076,5589.0,2467.0,1944.0,6.0,4.0,35.0,26.0,99.0,94.0,222.0,220.0,0.6666666666666666,0.7428571428571429,0.9494949494949495,0.990990990990991,110232.0,97827.0,8271.0,0.0,1.0,1.0,9993.0,0.0,0.0,0.0,0.0,0.0,0.0,2.0,0.0,0.0,0.0,0.0,0.0,1.0,9995.0,2.0,3978.0625,5661.5,7635.4375,9539.125,9965.0,0.0,0.08333333333333333,0.0,1249.5,2.0,0.946435,1.0125357,1.2429149
2540000,84663856,677310848,254000,1.2183362245559692,0.717074990272522,0.5627546310424805,0.5775635838508606,1833.2605209879875,229.15756512349844,4858.955324605209,485.89553246052094,62.30574937749613,0.0074062515,1000.0,370.0,278.0,123.0,4281.043355776126,3994.7913283327252,48.674,47.0,0.4102789999999999,5969.0,1790.0,2241.0,3.0,2.0,35.0,27.0,196.0,193.0,479.0,478.0,0.6666666666666666,0.7714285714285715,0.9846938775510204,0.9979123173277662,125521.0,111322.0,9067.0,0.0,0.0,4.0,9993.0,0.0,0.0,0.0,0.0,0.0,0.0,0.0,0.0,0.0,0.0,0.0,0.0,0.0,9997.0,3.0,4468.21875,5701.833333333333,7641.75,9353.875,9814.0,0.0,0.0,0.0,1249.625,3.0,0.95127666,0.9858697,1.1775343
2550000,85150596,681204768,255000,1.2179512977600098,0.7146880030632019,0.5650414228439331,0.5748815536499023,1834.8314136125655,229.35392670157069,4712.041884816754,471.2041884816754,62.359138211786394,0.00756789,1000.0,377.0,286.0,124.0,4359.816545921281,4059.947962614397,38.5372,27.0,0.4057090999999999,6777.0,1798.0,1425.0,5.0,3.0,48.0,42.0,127.0,124.0,284.0,284.0,0.6,0.875,0.9763779527559056,1.0,92513.0,82539.0,6621.0,0.0,1.0,1.0,9989.0,0.0,0.0,0.0,0.0,0.0,0.0,0.0,0.0,0.0,0.0,0.0,0.0,1.0,9991.0,8.0,2915.59375,4263.5,6743.375,9087.375,9156.0,0.0,0.0,0.0,1249.0,8.0,0.9397673,0.9523012,1.2074969
2560000,85535968,684287744,256000,1.2108572721481323,0.716422975063324,0.5614256858825684,0.5714715123176575,1730.3887745556594,216.29859681945743,5612.722170252572,561.2722170252572,58.80951893023611,0.0074144052,1000.0,368.0,289.0,131.0,4335.609540106803,4095.0866247717013,39.5395,27.0,0.42805352000000013,6885.0,1483.0,1632.0,2.0,2.0,29.0,24.0,100.0,97.0,191.0,191.0,1.0,0.8275862068965517,0.97,1.0,94085.0,83812.0,6462.0,0.0,0.0,0.0,9993.0,0.0,0.0,0.0,0.0,0.0,0.0,0.0,0.0,0.0,0.0,0.0,0.0,0.0,9993.0,7.0,2924.03125,4557.041666666667,6863.5625,9085.125,9959.0,0.0,0.0,0.0,1249.125,7.0,0.837792,0.90607285,1.1063066
2570000,85931363,687450904,257000,1.207017183303833,0.716247022151947,0.5612385272979736,0.5678325891494751,1708.0209989500524,213.50262486875656,5399.730013499325,539.9730013499325,58.04932090870017,0.0074513815,1000.0,383.0,291.0,150.0,4370.118899245775,4018.206628177137,42.7279,32.0,0.46634737999999987,6156.0,1921.0,1923.0,4.0,2.0,40.0,29.0,94.0,90.0,205.0,203.0,0.5,0.725,0.9574468085106383,0.9902439024390244,101818.0,90368.0,7782.0,3.0,1.0,0.0,9951.0,0.0,0.0,0.0,0.0,0.0,0.0,0.0,0.0,0.0,0.0,0.0,0.0,0.0,9955.0,45.0,3358.09375,4792.333333333333,7563.0625,9232.875,9932.0,0.0,0.0,0.0,1244.375,45.0,0.85687065,0.9714518,1.1802055
2580000,86358642,690869136,258000,1.202640175819397,0.7171459794044495,0.5609675049781799,0.5637640357017517,1751.1932830510887,218.89916038138608,5123.09662729472,512.309662729472,59.51658728053235,0.007464371,1000.0,377.0,291.0,136.0,4353.374102481975,4120.500606449545,38.5762,28.0,0.45781579,6705.0,1680.0,1615.0,2.0,2.0,38.0,33.0,118.0,114.0,281.0,278.0,1.0,0.868421052631579,0.9661016949152542,0.9893238434163701,96557.0,85149.0,6896.0,0.0,0.0,0.0,9997.0,0.0,0.0,0.0,0.0,0.0,0.0,0.0,0.0,0.0,0.0,0.0,0.0,0.0,9997.0,3.0,2836.75,4311.5,6900.6875,8911.75,9805.0,0.0,0.0,0.0,1249.625,3.0,0.9361292,0.9671479,1.15384
2590000,86744404,693955232,259000,1.1982845067977905,0.715927004814148,0.5612115263938904,0.559177041053772,1772.2037964587655,221.5254745573457,5742.5426702823415,574.2542670282342,60.230656976401725,0.007420567,1000.0,410.0,297.0,123.0,4398.098872659061,4118.510788079406,40.6322,31.0,0.39053725000000006,6824.0,1578.0,1598.0,2.0,1.0,55.0,47.0,161.0,154.0,333.0,333.0,0.5,0.8545454545454545,0.9565217391304348,1.0,95887.0,84604.0,6617.0,0.0,1.0,0.0,9999.0,0.0,0.0,0.0,0.0,0.0,0.0,0.0,0.0,0.0,0.0,0.0,0.0,0.0,10000.0,0.0,3209.40625,4579.083333333333,6903.0625,9168.25,9928.0,0.0,0.0,0.0,1250.0,0.0,0.92331874,0.9855007,1.2217151
2600000,87150726,697205808,260000,1.1917506456375122,0.7160500288009644,0.558775007724762,0.555159330368042,1746.8388714733542,218.35485893416927,5373.936408419167,537.3936408419167,59.36859692491035,0.007386949,1000.0,385.0,282.0,199.0,4378.66233430275,4061.7293027168826,30.2431,25.0,0.42540856000000005,7941.0,1155.0,904.0,2.0,1.0,32.0,27.0,106.0,105.0,257.0,257.0,0.5,0.84375,0.9905660377358491,1.0,67508.0,60316.0,4795.0,2.0,0.0,0.0,9998.0,0.0,0.0,0.0,0.0,0.0,0.0,0.0,0.0,0.0,0.0,0.0,0.0,0.0,10000.0,0.0,1917.78125,3136.125,5482.625,8512.75,9971.0,0.0,0.0,0.0,1250.0,0.0,0.8968902,0.9657777,1.1775427
2610000,87453157,699625256,261000,1.1836656332015991,0.7160410284996033,0.5550654530525208,0.5509533286094666,1761.3777148634986,220.17221435793732,7280.080889787664,728.0080889787664,59.86271847617618,0.0076422077,1000.0,391.0,275.0,137.0,4263.000824508469,4126.169821739367,34.7984,25.0,0.44647006,7371.0,1570.0,1059.0,2.0,1.0,36.0,30.0,112.0,109.0,284.0,282.0,0.5,0.8333333333333334,0.9732142857142857,0.9929577464788732,82224.0,73092.0,6449.0,1.0,0.0,0.0,9999.0,0.0,0.0,0.0,0.0,0.0,0.0,0.0,0.0,0.0,0.0,0.0,0.0,0.0,10000.0,0.0,2284.625,3815.4166666666665,6526.9375,8612.5,9975.0,0.0,0.0,0.0,1250.0,0.0,0.90610677,0.9855423,1.2674
2620000,87801141,702409128,262000,1.18428373336792,0.7142360210418701,0.5563018321990967,0.5504462122917175,1738.1094693028097,217.2636836628512,6243.496357960458,624.3496357960458,59.07191680900396,0.0074174437,1000.0,397.0,288.0,129.0,4414.458982712714,4077.128887452228,34.8259,26.0,0.4550782799999999,6790.0,2001.0,1209.0,1.0,1.0,38.0,33.0,101.0,97.0,245.0,244.0,1.0,0.868421052631579,0.9603960396039604,0.9959183673469387,82162.0,72937.0,5917.0,0.0,0.0,0.0,10000.0,0.0,0.0,0.0,0.0,0.0,0.0,0.0,0.0,0.0,0.0,0.0,0.0,0.0,10000.0,0.0,2303.75,3858.4583333333335,6361.5625,8772.5,9971.0,0.0,0.0,0.0,1250.0,0.0,0.8877724,0.96363556,1.1561482
2630000,88149400,705195200,263000,1.1862958669662476,0.712772011756897,0.557693600654602,0.5509850382804871,1763.0267533837232,220.3783441729654,6328.0014062225355,632.8001406222535,59.91876320063224,0.0073781316,1000.0,408.0,287.0,152.0,4389.871184691387,4130.106170695856,33.9286,25.0,0.45524306,7454.0,1538.0,1008.0,1.0,1.0,32.0,28.0,112.0,108.0,255.0,252.0,1.0,0.875,0.9642857142857143,0.9882352941176471,79247.0,70044.0,6343.0,0.0,0.0,0.0,10000.0,0.0,0.0,0.0,0.0,0.0,0.0,0.0,0.0,0.0,0.0,0.0,0.0,0.0,10000.0,0.0,2089.03125,3755.9583333333335,6391.5625,8765.25,9907.0,0.0,0.0,0.0,1250.0,0.0,0.96681523,1.0449188,1.2667897
2640000,88488686,707909488,264000,1.1794568300247192,0.7133470177650452,0.5522525906562805,0.5496783256530762,1799.196612041981,224.89957650524764,6628.613515006445,662.8613515006444,61.14804301262883,0.0073179095,1000.0,394.0,259.0,122.0,4332.948163820138,4088.253837401412,42.1065,31.0,0.43907340999999994,6730.0,1793.0,1477.0,4.0,2.0,38.0,29.0,138.0,132.0,340.0,336.0,0.5,0.7631578947368421,0.9565217391304348,0.9882352941176471,108096.0,94935.0,7939.0,1.0,0.0,2.0,9996.0,0.0,0.0,0.0,0.0,0.0,0.0,0.0,0.0,0.0,0.0,0.0,0.0,0.0,9999.0,1.0,3235.3125,4772.041666666667,7454.3125,9225.25,9935.0,0.0,0.0,0.0,1249.875,1.0,0.9459218,0.97821146,1.2064638
2650000,88909751,711278008,265000,1.184105634689331,0.7110999822616577,0.5557189583778381,0.5510414838790894,1782.5476995443187,222.81846244303983,5291.783036895487,529.1783036895487,60.58220801121388,0.007325803,1000.0,424.0,258.0,145.0,4377.9835152318265,4155.91235319679,39.2829,32.0,0.43305536,6203.0,2501.0,1296.0,4.0,2.0,29.0,22.0,101.0,96.0,247.0,242.0,0.5,0.7586206896551724,0.9504950495049505,0.979757085020243,93895.0,82723.0,7145.0,2.0,0.0,1.0,9995.0,0.0,0.0,0.0,0.0,0.0,0.0,0.0,0.0,0.0,0.0,0.0,0.0,0.0,9998.0,2.0,2902.8125,4393.916666666667,6909.875,9242.25,9989.0,0.0,0.0,0.0,1249.75,2.0,0.9639554,1.0459636,1.2530931
2660000,89302580,714420640,266000,1.1859978437423706,0.7100620269775391,0.5570374131202698,0.5516654849052429,1809.2875739644971,226.16094674556214,5757.236526467296,575.7236526467295,61.49099751217989,0.0074132746,1000.0,400.0,273.0,161.0,4327.842929717666,4111.921569559183,34.4234,25.0,0.46188492999999997,7131.0,1724.0,1145.0,1.0,1.0,22.0,19.0,80.0,74.0,187.0,185.0,1.0,0.8636363636363636,0.925,0.9893048128342246,78721.0,69970.0,5870.0,0.0,0.0,0.0,10000.0,0.0,0.0,0.0,0.0,0.0,0.0,0.0,0.0,0.0,0.0,0.0,0.0,0.0,10000.0,0.0,2221.78125,3710.375,6352.125,9057.375,9995.0,0.0,0.0,0.0,1250.0,0.0,0.8464644,0.9450387,1.1390092
2670000,89646814,717174512,267000,1.1826963424682617,0.7097129821777344,0.5570834875106812,0.5481961369514465,1720.2740239458615,215.03425299323268,6246.746486205102,624.6746486205102,58.46575594112733,0.0073393695,1000.0,420.0,254.0,138.0,4422.200957884765,4066.453598713759,36.2025,27.0,0.4686003300000001,7529.0,1425.0,1046.0,3.0,2.0,38.0,32.0,130.0,125.0,301.0,300.0,0.6666666666666666,0.8421052631578947,0.9615384615384616,0.9966777408637874,87704.0,77433.0,7159.0,1.0,0.0,0.0,9998.0,0.0,0.0,0.0,0.0,0.0,0.0,0.0,0.0,0.0,0.0,1.0,0.0,0.0,9999.0,0.0,2477.375,3990.5833333333335,6451.3125,9222.0,9978.0,0.0,0.0,0.0625,1249.875,0.0,0.95936096,0.9894547,1.1934534
2680000,90008839,720070712,268000,1.1762502193450928,0.7094810009002686,0.5545614361763,0.544356107711792,1755.8639272482317,219.48299090602896,6062.647356012125,606.2647356012125,59.67532521409228,0.0072837365,1000.0,383.0,294.0,147.0,4328.411637444138,4121.206344720935,31.0406,25.0,0.31941435,7638.0,1676.0,686.0,1.0,1.0,29.0,24.0,97.0,93.0,248.0,247.0,1.0,0.8275862068965517,0.9587628865979382,0.9959677419354839,64859.0,58052.0,4679.0,0.0,0.0,0.0,10000.0,0.0,0.0,0.0,0.0,0.0,0.0,0.0,0.0,0.0,0.0,0.0,0.0,0.0,10000.0,0.0,1803.4375,3233.4166666666665,6015.3125,8607.875,9986.0,0.0,0.0,0.0,1250.0,0.0,0.89565706,0.9668702,1.1813791
2690000,90319245,722553960,269000,1.169540524482727,0.7099670171737671,0.5532186031341553,0.5390170216560364,1709.964192807957,213.74552410099463,6885.998469778117,688.5998469778117,58.115362885885844,0.0073513496,1000.0,393.0,274.0,146.0,4354.106012471777,4141.7448152842335,35.1311,27.0,0.41584655000000004,6719.0,2207.0,1074.0,2.0,2.0,28.0,25.0,86.0,84.0,208.0,208.0,1.0,0.8928571428571429,0.9767441860465116,1.0,85847.0,76467.0,6971.0,0.0,0.0,0.0,9995.0,0.0,0.0,0.0,0.0,0.0,0.0,0.0,0.0,0.0,0.0,5.0,0.0,0.0,9995.0,0.0,2339.625,3850.125,6332.8125,9093.375,9968.0,0.0,0.0,0.3125,1249.375,0.0,0.9171443,0.9401874,1.1818112
2700000,90670556,725364448,270000,1.1671351194381714,0.7092919945716858,0.5527070164680481,0.5371187329292297,1735.1666609500942,216.89583261876177,6173.898130680844,617.3898130680843,58.971901629714836,0.0073787123,1000.0,396.0,306.0,123.0,4356.478079193934,4158.977253885547,36.4866,28.0,0.43290487999999994,7388.0,1478.0,1134.0,1.0,1.0,27.0,24.0,80.0,78.0,212.0,212.0,1.0,0.8888888888888888,0.975,1.0,84754.0,74897.0,6706.0,0.0,0.0,0.0,10000.0,0.0,0.0,0.0,0.0,0.0,0.0,0.0,0.0,0.0,0.0,0.0,0.0,0.0,10000.0,0.0,2425.53125,4193.208333333333,6491.3125,9095.75,9985.0,0.0,0.0,0.0,1250.0,0.0,0.8758325,0.9278402,1.1824898
2710000,91035422,728283376,271000,1.1634982824325562,0.7085040211677551,0.5515415072441101,0.5347912311553955,1720.6714917308007,215.08393646635008,5894.8747339119045,589.4874733911904,58.479264402096476,0.0073440755,1000.0,400.0,295.0,159.0,4447.364151899959,4139.568157311608,39.7797,30.0,0.42493861,5837.0,2721.0,1442.0,1.0,1.0,36.0,29.0,127.0,122.0,323.0,319.0,1.0,0.8055555555555556,0.9606299212598425,0.9876160990712074,96486.0,84927.0,7300.0,0.0,0.0,0.0,10000.0,0.0,0.0,0.0,0.0,0.0,0.0,0.0,0.0,0.0,0.0,0.0,0.0,0.0,10000.0,0.0,2923.1875,4631.5,6911.0625,9092.25,9784.0,0.0,0.0,0.0,1250.0,0.0,0.9223131,0.91285986,1.1570357
2720000,91433219,731465752,272000,1.166262149810791,0.7064250111579895,0.5545840263366699,0.534619152545929,1792.0465509150633,224.00581886438292,5631.159080244017,563.1159080244016,60.90503886155082,0.007385901,1000.0,391.0,290.0,137.0,4374.586292290089,4189.078346901022,41.0879,31.0,0.40655951,5685.0,2659.0,1656.0,1.0,1.0,52.0,46.0,172.0,167.0,370.0,369.0,1.0,0.8846153846153846,0.9709302325581395,0.9972972972972973,104357.0,91316.0,7732.0,0.0,0.0,0.0,10000.0,0.0,0.0,0.0,0.0,0.0,0.0,0.0,0.0,0.0,0.0,0.0,0.0,0.0,10000.0,0.0,3265.78125,4731.208333333333,6826.125,9307.125,9150.0,0.0,0.0,0.0,1250.0,0.0,0.86034,0.9366359,1.1655076
2730000,91844098,734752784,273000,1.1764096021652222,0.7030559778213501,0.5596320033073425,0.539653480052948,1822.1920542038804,227.77400677548505,5543.57868801971,554.3578688019711,61.92957310055756,0.007398263,1000.0,387.0,295.0,90.0,4421.718758911076,4104.981746279399,44.4328,35.0,0.45621406999999997,5513.0,2426.0,2061.0,1.0,1.0,44.0,37.0,143.0,138.0,317.0,315.0,1.0,0.8409090909090909,0.965034965034965,0.9936908517350158,111727.0,98399.0,7964.0,0.0,0.0,0.0,10000.0,0.0,0.0,0.0,0.0,0.0,0.0,0.0,0.0,0.0,0.0,0.0,0.0,0.0,10000.0,0.0,3678.125,5209.583333333333,7327.0,9338.625,9657.0,0.0,0.0,0.0,1250.0,0.0,0.8298296,0.9082169,1.1146861
2740000,92288426,738307408,274000,1.179965615272522,0.7012879848480225,0.5623040795326233,0.5405215620994568,1796.020547368421,224.50256842105262,5052.631578947368,505.2631578947368,61.040100313109555,0.00731733,1000.0,426.0,294.0,137.0,4414.047489609096,4186.251754715753,47.2438,40.0,0.45445623999999996,5589.0,2082.0,2329.0,2.0,2.0,47.0,44.0,161.0,159.0,293.0,293.0,1.0,0.9361702127659575,0.9875776397515528,1.0,119309.0,104570.0,8277.0,0.0,0.0,0.0,9999.0,0.0,0.0,0.0,0.0,0.0,0.0,0.0,0.0,0.0,0.0,0.0,0.0,0.0,9999.0,1.0,4105.78125,5536.125,7729.6875,9318.125,9966.0,0.0,0.0,0.0,1249.875,1.0,0.9067624,0.9503202,1.159792
2750000,92760864,742086912,275000,1.1821345090866089,0.6990659832954407,0.5643031597137451,0.5406216382980347,1804.2984219599523,225.53730274499404,4773.902665428988,477.39026654289876,61.321434675451215,0.007257549,1000.0,429.0,268.0,146.0,4372.40808251674,4129.630428707645,47.7267,43.0,0.4396148999999999,6386.0,1493.0,2121.0,1.0,1.0,44.0,39.0,132.0,129.0,256.0,254.0,1.0,0.8863636363636364,0.9772727272727273,0.9921875,117680.0,103700.0,8614.0,0.0,0.0,0.0,10000.0,0.0,0.0,0.0,0.0,0.0,0.0,0.0,0.0,0.0,0.0,0.0,0.0,0.0,10000.0,0.0,4192.9375,5584.666666666667,7721.9375,9441.25,9980.0,0.0,0.0,0.0,1250.0,0.0,0.9355301,0.9879271,1.2741047
2760000,93238131,745905048,276000,1.1811974048614502,0.6968269944190979,0.5660275220870972,0.537810206413269,1898.5206629834254,237.31508287292817,4972.375690607735,497.23756906077347,64.52370040243625,0.0073976805,1000.0,388.0,298.0,93.0,4419.663986921247,4157.115024789507,46.3253,39.0,0.37864523000000005,5673.0,2269.0,2058.0,1.0,1.0,36.0,29.0,149.0,142.0,313.0,311.0,1.0,0.8055555555555556,0.9530201342281879,0.9936102236421726,120284.0,106061.0,8037.0,0.0,0.0,0.0,10000.0,0.0,0.0,0.0,0.0,0.0,0.0,0.0,0.0,0.0,0.0,0.0,0.0,0.0,10000.0,0.0,4033.625,5303.625,7693.125,9240.5,9876.0,0.0,0.0,0.0,1250.0,0.0,0.9255803,0.97960895,1.2160842
2770000,93701384,749611072,277000,1.1829501390457153,0.6965649724006653,0.566916286945343,0.5386719703674316,1869.1070888203978,233.63838610254973,5043.4295320818155,504.3429532081816,63.524041729205045,0.007378293,1000.0,378.0,305.0,107.0,4412.60877536377,4179.795069369269,54.9213,57.0,0.426184,5383.0,1713.0,2904.0,2.0,2.0,40.0,33.0,109.0,106.0,215.0,215.0,1.0,0.825,0.9724770642201835,1.0,136336.0,120618.0,9165.0,0.0,0.0,0.0,9997.0,0.0,0.0,0.0,0.0,0.0,0.0,0.0,0.0,0.0,0.0,0.0,0.0,0.0,9997.0,3.0,5403.8125,6442.125,8494.9375,9471.75,9987.0,0.0,0.0,0.0,1249.625,3.0,0.87740755,0.92099017,1.1842211
2780000,94250597,754004776,278000,1.19194757938385,0.6942399740219116,0.5715993046760559,0.5430371165275574,1883.2401952613407,235.40502440766758,4286.224550541731,428.6224550541731,64.00437378117128,0.0073023466,1000.0,411.0,272.0,138.0,4388.958841448346,4169.854784593031,50.3597,49.0,0.42704143999999994,5662.0,1887.0,2451.0,2.0,2.0,39.0,35.0,91.0,86.0,170.0,166.0,1.0,0.8974358974358975,0.945054945054945,0.9764705882352941,118435.0,105821.0,8327.0,0.0,0.0,0.0,9999.0,0.0,0.0,0.0,0.0,0.0,0.0,0.0,0.0,0.0,0.0,0.0,0.0,0.0,9999.0,1.0,4577.15625,5979.0,8029.75,9394.5,10000.0,0.0,0.0,0.0,1249.875,1.0,0.8632806,0.9279355,1.1705171
2790000,94754194,758033552,279000,1.1920729875564575,0.6915619969367981,0.574134111404419,0.5405951738357544,1886.7690386366596,235.84612982958245,4683.231429686484,468.3231429686484,64.12430612489325,0.007286603,1000.0,423.0,293.0,125.0,4452.624445180752,4188.678438355842,53.2911,53.0,0.46657551,5492.0,1899.0,2609.0,2.0,2.0,44.0,34.0,106.0,101.0,178.0,177.0,1.0,0.7727272727272727,0.9528301886792453,0.9943820224719101,116043.0,102764.0,8702.0,0.0,0.0,0.0,9900.0,0.0,0.0,0.0,0.0,0.0,0.0,0.0,0.0,0.0,0.0,0.0,0.0,0.0,9900.0,100.0,5036.5625,6122.333333333333,8733.25,9384.375,9998.0,0.0,0.0,0.0,1237.5,100.0,0.875013,0.9011496,1.115598
2800000,95287105,762296840,280000,1.1929352283477783,0.6913589835166931,0.574985921382904,0.5405946969985962,1780.4915081206498,222.56143851508122,4176.334106728538,417.6334106728538,60.51232566440687,0.0074348226,1000.0,395.0,284.0,92.0,4436.978014066068,4153.3524993275005,43.6903,35.0,0.32164275,5644.0,2181.0,2175.0,2.0,2.0,23.0,20.0,57.0,56.0,114.0,114.0,1.0,0.8695652173913043,0.9824561403508771,1.0,111393.0,99175.0,7147.0,0.0,0.0,0.0,9994.0,0.0,0.0,0.0,0.0,0.0,0.0,0.0,0.0,0.0,0.0,0.0,0.0,0.0,9994.0,6.0,3847.59375,4866.291666666667,7056.625,9260.5,9999.0,0.0,0.0,0.0,1249.25,6.0,0.9464547,0.9404615,1.1495632
2810000,95724008,765792064,281000,1.1946927309036255,0.689831018447876,0.5786004662513733,0.5386841297149658,1866.0546344357113,233.2568293044639,5338.869939196204,533.8869939196204,63.42030008654095,0.0071498626,1000.0,391.0,312.0,125.0,4446.042625196587,4159.411894737731,51.7752,51.0,0.3749526700000001,5201.0,2062.0,2737.0,1.0,1.0,20.0,19.0,69.0,69.0,146.0,146.0,1.0,0.95,1.0,1.0,126229.0,112142.0,8861.0,0.0,0.0,0.0,10000.0,0.0,0.0,0.0,0.0,0.0,0.0,0.0,0.0,0.0,0.0,0.0,0.0,0.0,10000.0,0.0,4860.6875,6169.0,8021.0625,9477.375,9998.0,0.0,0.0,0.0,1250.0,0.0,0.9191507,0.9359165,1.1708916
2820000,96241760,769934080,282000,1.1947619915008545,0.6883410215377808,0.5795573592185974,0.5377984642982483,1834.7800664451827,229.34750830564784,4429.6788482835,442.96788482834995,62.357393111346184,0.0074213427,1000.0,406.0,300.0,124.0,4406.5638002248525,4160.724297445448,55.2598,57.0,0.44331108999999996,5205.0,1894.0,2901.0,1.0,1.0,35.0,31.0,85.0,82.0,178.0,178.0,1.0,0.8857142857142857,0.9647058823529412,1.0,126774.0,112538.0,9256.0,0.0,0.0,0.0,10000.0,0.0,0.0,0.0,0.0,0.0,0.0,0.0,0.0,0.0,0.0,0.0,0.0,0.0,10000.0,0.0,5518.78125,6449.25,8468.6875,9464.75,9998.0,0.0,0.0,0.0,1250.0,0.0,0.90603304,0.955374,1.1952562
2830000,96794358,774354864,283000,1.1944355964660645,0.6873970031738281,0.5805791020393372,0.5365003943443298,1854.2260747990213,231.77825934987766,4194.337644180357,419.43376441803565,63.018291062846274,0.007395582,1000.0,418.0,299.0,137.0,4502.161478066748,4218.357455714097,50.6739,50.0,0.44184412999999995,6040.0,1419.0,2541.0,1.0,1.0,30.0,26.0,88.0,85.0,215.0,214.0,1.0,0.8666666666666667,0.9659090909090909,0.9953488372093023,120676.0,106992.0,8599.0,0.0,0.0,0.0,10000.0,0.0,0.0,0.0,0.0,0.0,0.0,0.0,0.0,0.0,0.0,0.0,0.0,0.0,10000.0,0.0,4702.6875,6011.708333333333,7928.0,9391.125,9995.0,0.0,0.0,0.0,1250.0,0.0,0.8217207,0.929835,1.0882659
2840000,97301097,778408776,284000,1.1932545900344849,0.6865050196647644,0.5811899900436401,0.5348238945007324,1790.0261498834784,223.7532687354348,4415.552557340856,441.5552557340856,60.83637289788946,0.0075222026,1000.0,399.0,332.0,96.0,4484.277988255918,4188.002304064577,50.7253,48.0,0.39916571,5033.0,2157.0,2810.0,2.0,2.0,25.0,22.0,78.0,77.0,163.0,163.0,1.0,0.88,0.9871794871794872,1.0,122838.0,108964.0,7995.0,0.0,0.0,0.0,9999.0,0.0,0.0,0.0,0.0,0.0,0.0,0.0,0.0,0.0,0.0,0.0,0.0,0.0,9999.0,1.0,4778.5625,5868.333333333333,8047.6875,9342.125,9999.0,0.0,0.0,0.0,1249.875,1.0,0.9059955,0.9441837,1.1113639
2850000,97808350,782466800,285000,1.1959562301635742,0.6845020055770874,0.5859417915344238,0.5328403115272522,1815.4450602709085,226.93063253386356,4473.71691313533,447.371691313533,61.70026771366542,0.0072968,1000.0,397.0,304.0,102.0,4448.957510480258,4236.872488404516,56.3821,60.0,0.39254318999999993,4902.0,1571.0,3527.0,2.0,2.0,21.0,18.0,70.0,68.0,186.0,186.0,1.0,0.8571428571428571,0.9714285714285714,1.0,129884.0,115321.0,9122.0,0.0,0.0,0.0,9993.0,0.0,0.0,0.0,0.0,0.0,0.0,0.0,0.0,0.0,0.0,0.0,0.0,0.0,9993.0,7.0,5684.40625,6764.208333333333,8348.4375,9500.5,10000.0,0.0,0.0,0.0,1249.125,7.0,0.9157715,0.9733698,1.1071844
2860000,98372171,786977368,286000,1.1958339214324951,0.6825670003890991,0.5865182280540466,0.5321983098983765,1824.9095077545514,228.11368846931893,4045.853000674309,404.58530006743086,62.02192930303654,0.0073618744,1000.0,445.0,292.0,88.0,4532.430826561009,4182.139950634114,50.34,48.0,0.40576322,5505.0,1710.0,2785.0,3.0,2.0,21.0,16.0,76.0,73.0,198.0,197.0,0.6666666666666666,0.7619047619047619,0.9605263157894737,0.9949494949494949,122043.0,108121.0,8278.0,1.0,0.0,0.0,9574.0,0.0,0.0,0.0,0.0,0.0,0.0,0.0,0.0,0.0,0.0,0.0,0.0,0.0,9575.0,425.0,4673.125,5911.708333333333,7884.4375,9478.5,10000.0,0.0,0.0,0.0,1196.875,425.0,0.8733019,0.96185386,1.1411744
2870000,98875571,791004568,287000,1.1948784589767456,0.6799839735031128,0.5879241824150085,0.5299081206321716,1854.9027635619243,231.86284544524054,4605.936540429887,460.5936540429887,63.04128921285568,0.0072873197,1000.0,400.0,304.0,81.0,4506.039347526645,4216.40922972284,57.4331,61.0,0.33257986,5135.0,1611.0,3254.0,2.0,2.0,21.0,15.0,69.0,64.0,167.0,165.0,1.0,0.7142857142857143,0.927536231884058,0.9880239520958084,132143.0,117260.0,9543.0,0.0,0.0,0.0,9982.0,0.0,0.0,0.0,0.0,0.0,0.0,0.0,0.0,0.0,0.0,0.0,0.0,0.0,9982.0,18.0,5783.21875,6984.916666666667,8430.1875,9593.375,10000.0,0.0,0.0,0.0,1247.75,18.0,0.9709032,1.0122908,1.1606398
2880000,99449902,795599216,288000,1.1906856298446655,0.6791070103645325,0.5880014300346375,0.5258092284202576,1917.3215254433755,239.66519068042194,4172.945403964299,417.29454039642985,65.1626722294623,0.0071938,1000.0,417.0,280.0,78.0,4461.178491292874,4204.430181116586,46.9095,41.0,0.44405181999999993,5556.0,2291.0,2153.0,3.0,2.0,27.0,19.0,100.0,92.0,202.0,200.0,0.6666666666666666,0.7037037037037037,0.92,0.9900990099009901,108503.0,96319.0,7920.0,1.0,0.0,0.0,9914.0,0.0,0.0,0.0,0.0,0.0,0.0,0.0,0.0,0.0,0.0,0.0,0.0,0.0,9915.0,85.0,4069.46875,5550.291666666667,7484.4375,9489.375,9999.0,0.0,0.0,0.0,1239.375,85.0,0.87380594,0.9108482,1.1080947
2890000,99918997,799351976,289000,1.1973108053207397,0.6769059896469116,0.5912045240402222,0.529310941696167,1849.6626506024097,231.2078313253012,4928.80613362541,492.88061336254106,62.86319714081928,0.0072112624,1000.0,421.0,302.0,81.0,4525.516332545574,4186.065049938818,50.5136,51.0,0.37750794000000004,5002.0,1904.0,3094.0,2.0,2.0,23.0,21.0,65.0,62.0,137.0,137.0,1.0,0.9130434782608695,0.9538461538461539,1.0,120483.0,107460.0,7952.0,0.0,0.0,0.0,9994.0,0.0,0.0,0.0,0.0,0.0,0.0,0.0,0.0,0.0,0.0,0.0,0.0,0.0,9994.0,6.0,4904.34375,5949.791666666667,7472.3125,9480.625,10000.0,0.0,0.0,0.0,1249.25,6.0,0.8541737,0.9440948,1.0935634
2900000,100424133,803393064,290000,1.1932215690612793,0.677299976348877,0.590079665184021,0.5263397097587585,1800.7076123282586,225.08845154103233,4455.9970293353135,445.5997029335314,61.199396327702345,0.0072517474,1000.0,413.0,304.0,75.0,4470.329433222571,4205.886598823845,42.9838,34.0,0.40484411,5618.0,2348.0,2034.0,2.0,2.0,19.0,16.0,33.0,33.0,94.0,94.0,1.0,0.8421052631578947,1.0,1.0,99387.0,89423.0,6887.0,0.0,0.0,0.0,9999.0,0.0,0.0,0.0,0.0,0.0,0.0,0.0,0.0,0.0,0.0,0.0,0.0,0.0,9999.0,1.0,3688.09375,4829.791666666667,6782.9375,9672.125,10000.0,0.0,0.0,0.0,1249.875,1.0,0.8311975,0.8855901,1.0889302
2910000,100853971,806831768,291000,1.1893805265426636,0.6750730276107788,0.5879202485084534,0.5247021317481995,1771.7667668527265,221.4708458565908,5152.4259338772,515.24259338772,60.215803955353884,0.0072646365,1000.0,424.0,294.0,85.0,4513.674723014537,4205.320636214134,48.2177,45.0,0.45048305,5034.0,2451.0,2515.0,1.0,1.0,12.0,10.0,35.0,34.0,104.0,104.0,1.0,0.8333333333333334,0.9714285714285714,1.0,105652.0,94904.0,8414.0,0.0,0.0,0.0,10000.0,0.0,0.0,0.0,0.0,0.0,0.0,0.0,0.0,0.0,0.0,0.0,0.0,0.0,10000.0,0.0,4405.78125,5597.375,7504.875,9597.25,9999.0,0.0,0.0,0.0,1250.0,0.0,0.86301595,0.9216063,1.0893713
2920000,101336148,810689184,292000,1.1894619464874268,0.6739060282707214,0.5880852341651917,0.5246095657348633,1812.6481660357656,226.5810207544707,4699.12544054301,469.912544054301,61.605211615934,0.0072159125,1000.0,399.0,325.0,93.0,4512.976816899353,4174.607696427223,52.0451,53.0,0.3717613699999999,5739.0,1007.0,3254.0,1.0,1.0,11.0,8.0,31.0,29.0,107.0,107.0,1.0,0.7272727272727273,0.9354838709677419,1.0,116470.0,104016.0,8359.0,0.0,0.0,0.0,10000.0,0.0,0.0,0.0,0.0,0.0,0.0,0.0,0.0,0.0,0.0,0.0,0.0,0.0,10000.0,0.0,4972.0625,6145.708333333333,7914.0,9653.125,9999.0,0.0,0.0,0.0,1250.0,0.0,0.9038764,0.95049554,1.1511317
2930000,101856599,814852792,293000,1.1860394477844238,0.6719629764556885,0.5900852084159851,0.5191963315010071,1806.1198698638389,225.76498373297986,4337.8720327750325,433.7872032775033,61.383338957632866,0.007224715,1000.0,423.0,287.0,103.0,4491.616375409797,4194.100079739755,46.6148,36.0,0.39958080999999995,6325.0,1380.0,2295.0,1.0,1.0,13.0,12.0,40.0,37.0,102.0,101.0,1.0,0.9230769230769231,0.925,0.9901960784313726,109287.0,97846.0,8434.0,0.0,0.0,0.0,10000.0,0.0,0.0,0.0,0.0,0.0,0.0,0.0,0.0,0.0,0.0,0.0,0.0,0.0,10000.0,0.0,3928.9375,5340.625,7838.25,9604.375,10000.0,0.0,0.0,0.0,1250.0,0.0,0.8857461,0.9440299,1.1325617
2940000,102322747,818581976,294000,1.18193519115448,0.6715149879455566,0.5892433524131775,0.5159319639205933,1893.5207898448516,236.69009873060645,5077.574047954866,507.7574047954866,64.35377319398725,0.0072945617,1000.0,439.0,280.0,84.0,4518.388021915397,4190.983513600024,54.2723,57.0,0.40128769999999997,5602.0,1243.0,3155.0,1.0,1.0,19.0,16.0,53.0,50.0,100.0,99.0,1.0,0.8421052631578947,0.9433962264150944,0.99,114491.0,102990.0,8440.0,0.0,0.0,0.0,10000.0,0.0,0.0,0.0,0.0,0.0,0.0,0.0,0.0,0.0,0.0,0.0,0.0,0.0,10000.0,0.0,5569.3125,6282.625,7840.0625,9785.375,9998.0,0.0,0.0,0.0,1250.0,0.0,0.84897256,0.9570118,1.1358702
2950000,102865470,822923760,295000,1.1783777475357056,0.6709330081939697,0.5898317694664001,0.5118845105171204,1877.5282162162164,234.69102702702705,4324.324324324324,432.43243243243245,63.81024472490206,0.0071313907,1000.0,413.0,296.0,86.0,4463.203519139816,4249.741334892859,47.5348,42.0,0.35480183000000004,5894.0,1768.0,2338.0,1.0,1.0,10.0,8.0,28.0,27.0,74.0,74.0,1.0,0.8,0.9642857142857143,1.0,106008.0,95187.0,7533.0,0.0,0.0,0.0,10000.0,0.0,0.0,0.0,0.0,0.0,0.0,0.0,0.0,0.0,0.0,0.0,0.0,0.0,10000.0,0.0,4301.28125,5488.791666666667,7503.6875,9489.625,10000.0,0.0,0.0,0.0,1250.0,0.0,0.95583194,1.0029253,1.1673027
2960000,103340818,826726544,296000,1.1758748292922974,0.6697810292243958,0.5897654294967651,0.5096525549888611,1835.8619283894327,229.4827410486791,4827.678691162666,482.7678691162666,62.39416160026949,0.0072266683,1000.0,408.0,299.0,98.0,4495.924618455971,4241.561501855666,51.7552,53.0,0.4116567300000001,5920.0,1772.0,2308.0,2.0,2.0,14.0,11.0,31.0,29.0,74.0,73.0,1.0,0.7857142857142857,0.9354838709677419,0.9864864864864865,111740.0,100869.0,8657.0,0.0,0.0,0.0,9997.0,0.0,0.0,0.0,0.0,0.0,0.0,0.0,0.0,0.0,0.0,0.0,0.0,0.0,9997.0,3.0,4907.25,5882.625,8192.25,9782.625,10000.0,0.0,0.0,0.0,1249.625,3.0,0.88654137,0.9710942,1.1722103
2970000,103858370,830866960,297000,1.1718305349349976,0.6717230081558228,0.5868421196937561,0.5086798667907715,1855.5331258558444,231.94164073198056,4481.5137557575,448.15137557574997,63.06271289740699,0.007109204,1000.0,431.0,300.0,84.0,4538.150997445702,4214.0898534873495,52.0584,53.0,0.46304195,5352.0,1848.0,2800.0,2.0,2.0,10.0,9.0,35.0,34.0,92.0,91.0,1.0,0.9,0.9714285714285714,0.9891304347826086,118775.0,106067.0,8861.0,0.0,0.0,0.0,9998.0,0.0,0.0,0.0,0.0,0.0,0.0,0.0,0.0,0.0,0.0,0.0,0.0,0.0,9998.0,2.0,4995.5625,6010.166666666667,8037.875,9734.5,10000.0,0.0,0.0,0.0,1249.75,2.0,0.87554777,0.94084567,1.065021
2980000,104378954,835031632,298000,1.1682161092758179,0.6720229983329773,0.5859271287918091,0.5060646533966064,1771.9913958160973,221.49892447701217,4254.816215577354,425.4816215577355,60.22343826359021,0.006992343,1000.0,433.0,295.0,116.0,4509.8478393754995,4267.013172344606,45.4401,33.0,0.46579858,7321.0,691.0,1988.0,1.0,1.0,15.0,13.0,33.0,32.0,90.0,90.0,1.0,0.8666666666666667,0.9696969696969697,1.0,97888.0,88532.0,7285.0,0.0,0.0,0.0,10000.0,0.0,0.0,0.0,0.0,0.0,0.0,0.0,0.0,0.0,0.0,0.0,0.0,0.0,10000.0,0.0,3829.34375,4847.791666666667,7970.6875,9748.0,10000.0,0.0,0.0,0.0,1250.0,0.0,0.89192903,0.9743261,1.1715536
2990000,104833355,838666840,299000,1.1643338203430176,0.6731690168380737,0.584448516368866,0.5038120150566101,1821.398580375783,227.67482254697288,5010.438413361169,501.0438413361169,61.90260585781979,0.007153515,1000.0,403.0,331.0,73.0,4523.592499549581,4234.831522043452,47.1145,41.0,0.40051392,4354.0,3115.0,2531.0,1.0,1.0,14.0,11.0,45.0,42.0,111.0,108.0,1.0,0.7857142857142857,0.9333333333333333,0.972972972972973,113288.0,101135.0,7750.0,0.0,0.0,0.0,10000.0,0.0,0.0,0.0,0.0,0.0,0.0,0.0,0.0,0.0,0.0,0.0,0.0,0.0,10000.0,0.0,4280.125,5313.791666666667,7535.5,9510.25,10000.0,0.0,0.0,0.0,1250.0,0.0,0.85874647,0.9553305,1.1336142
3000000,105304500,842436000,300000,1.1671777963638306,0.6718869805335999,0.5864861011505127,0.504786491394043,1809.6793811683115,226.20992264603893,4801.28034142438,480.12803414243797,61.50431359091811,0.007061417,1000.0,393.0,313.0,86.0,4473.760382819001,4223.916267277151,55.5383,56.0,0.46492422000000005,5316.0,1463.0,3221.0,1.0,1.0,12.0,10.0,39.0,38.0,104.0,104.0,1.0,0.8333333333333334,0.9743589743589743,1.0,123290.0,109955.0,9284.0,0.0,0.0,0.0,10000.0,0.0,0.0,0.0,0.0,0.0,0.0,0.0,0.0,0.0,0.0,0.0,0.0,0.0,10000.0,0.0,5583.25,6426.958333333333,8375.4375,9808.375,9998.0,0.0,0.0,0.0,1250.0,0.0,0.8999947,0.9554236,1.1460189
3010000,105859883,846879064,301000,1.158632516860962,0.6735290288925171,0.5802071690559387,0.5027453303337097,1746.9452162516382,218.36815203145477,3931.847968545216,393.1847968545216,59.37221119087392,0.0071219755,1000.0,433.0,296.0,86.0,4546.397848512824,4194.984979929554,56.1151,57.0,0.46301234,5789.0,1039.0,3172.0,1.0,1.0,13.0,12.0,47.0,44.0,148.0,148.0,1.0,0.9230769230769231,0.9361702127659575,1.0,139747.0,123636.0,9386.0,0.0,0.0,0.0,10000.0,0.0,0.0,0.0,0.0,0.0,0.0,0.0,0.0,0.0,0.0,0.0,0.0,0.0,10000.0,0.0,5806.40625,6538.166666666667,8236.375,9581.0,10000.0,0.0,0.0,0.0,1250.0,0.0,0.967791,0.9877071,1.1560462
3020000,106421034,851368272,302000,1.1521154642105103,0.6739580035209656,0.5778569579124451,0.4987584054470062,1861.6690243059554,232.70862803824443,4146.98767423108,414.69876742310794,63.271249407445595,0.007215238,1000.0,428.0,269.0,85.0,4499.5456936065275,4296.445227056065,52.0869,53.0,0.4653192499999999,5227.0,1785.0,2988.0,1.0,1.0,13.0,10.0,31.0,30.0,102.0,101.0,1.0,0.7692307692307693,0.967741935483871,0.9901960784313726,118985.0,106478.0,8836.0,0.0,0.0,0.0,10000.0,0.0,0.0,0.0,0.0,0.0,0.0,0.0,0.0,0.0,0.0,0.0,0.0,0.0,10000.0,0.0,5039.9375,6006.041666666667,7977.4375,9725.875,10000.0,0.0,0.0,0.0,1250.0,0.0,0.84568167,0.9156134,1.1381731
3030000,106941903,855535224,303000,1.1530812978744507,0.6735079884529114,0.5797768831253052,0.4978492259979248,1825.608762322015,228.20109529025189,4381.161007667031,438.11610076670314,62.04569438133976,0.007126191,1000.0,425.0,304.0,78.0,4553.134908978947,4261.630251654439,61.469,59.0,0.45391455999999997,4783.0,1104.0,4113.0,2.0,1.0,11.0,9.0,19.0,18.0,58.0,58.0,0.5,0.8181818181818182,0.9473684210526315,1.0,120233.0,109081.0,9538.0,0.0,0.0,1.0,9999.0,0.0,0.0,0.0,0.0,0.0,0.0,0.0,0.0,0.0,0.0,0.0,0.0,0.0,10000.0,0.0,6798.03125,7262.291666666667,8348.125,9911.125,9999.0,0.0,0.0,0.0,1250.0,0.0,0.8682562,0.9516584,1.1240261
3040000,107556593,860452744,304000,1.1452518701553345,0.6731089949607849,0.5760786533355713,0.49401435256004333,1822.2410705095213,227.78013381369016,3705.609881626351,370.5609881626351,61.93123898362203,0.007016544,1000.0,369.0,339.0,88.0,4541.810189048844,4214.894490874688,57.8284,59.0,0.45856782999999995,5273.0,1130.0,3597.0,1.0,1.0,12.0,10.0,32.0,32.0,77.0,77.0,1.0,0.8333333333333334,1.0,1.0,127582.0,114213.0,9386.0,0.0,0.0,0.0,10000.0,0.0,0.0,0.0,0.0,0.0,0.0,0.0,0.0,0.0,0.0,0.0,0.0,0.0,10000.0,0.0,5961.9375,6880.875,8366.25,9812.75,9999.0,0.0,0.0,0.0,1250.0,0.0,0.87807447,0.9398764,1.1462249
3050000,108134877,865079016,305000,1.139733910560608,0.6745929718017578,0.573610246181488,0.49115440249443054,1791.2001720800172,223.90002151000215,3871.800387180039,387.18003871800386,60.87627357316378,0.0070440713,1000.0,400.0,306.0,108.0,4513.451773922472,4194.942597576937,57.7458,59.0,0.43519569999999996,5682.0,918.0,3400.0,1.0,1.0,9.0,8.0,32.0,32.0,99.0,99.0,1.0,0.8888888888888888,1.0,1.0,120991.0,108717.0,9119.0,0.0,0.0,0.0,10000.0,0.0,0.0,0.0,0.0,0.0,0.0,0.0,0.0,0.0,0.0,0.0,0.0,0.0,10000.0,0.0,5953.3125,6859.708333333333,8354.375,9831.25,9999.0,0.0,0.0,0.0,1250.0,0.0,0.8970703,0.93064874,1.1320944
3060000,108712335,869698680,306000,1.1379204988479614,0.6737629771232605,0.5727715492248535,0.4904692769050598,1830.375346687211,228.79691833590138,3962.139555359894,396.2139555359894,62.207692966616946,0.0069963383,1000.0,401.0,334.0,88.0,4518.6059805438335,4279.041525723044,60.2865,57.0,0.50522845,5771.0,779.0,3450.0,1.0,1.0,5.0,5.0,11.0,11.0,40.0,40.0,1.0,1.0,1.0,1.0,113096.0,102413.0,9784.0,0.0,0.0,0.0,10000.0,0.0,0.0,0.0,0.0,0.0,0.0,0.0,0.0,0.0,0.0,0.0,0.0,0.0,10000.0,0.0,6528.46875,7068.833333333333,8416.625,9954.5,10000.0,0.0,0.0,0.0,1250.0,0.0,0.8377288,0.95903987,1.1592596
3070000,109315200,874521600,307000,1.1356475353240967,0.672764003276825,0.5729319453239441,0.4882164001464844,1803.709952212757,225.4637440265946,3739.871182214835,373.98711822148346,61.30143476372823,0.0070847217,1000.0,423.0,316.0,103.0,4589.506440341297,4277.90519650127,55.9944,55.0,0.4915345300000001,6008.0,882.0,3110.0,1.0,1.0,11.0,9.0,41.0,37.0,144.0,141.0,1.0,0.8181818181818182,0.9024390243902439,0.9791666666666666,118518.0,105765.0,9320.0,0.0,0.0,0.0,10000.0,0.0,0.0,0.0,0.0,0.0,0.0,0.0,0.0,0.0,0.0,0.0,0.0,0.0,10000.0,0.0,5665.0,6470.333333333333,8423.875,9824.25,10000.0,0.0,0.0,0.0,1250.0,0.0,0.9044448,0.9900805,1.1032703
3080000,109875144,879001152,308000,1.1312196254730225,0.6723719835281372,0.5710218548774719,0.48596423864364624,1805.0578912021492,225.63223640026865,4029.550033579584,402.9550033579584,61.34724622799517,0.007200435,1000.0,461.0,276.0,115.0,4534.620790482903,4303.761848144449,58.1495,57.0,0.489858,5825.0,835.0,3340.0,1.0,1.0,11.0,9.0,27.0,24.0,76.0,75.0,1.0,0.8181818181818182,0.8888888888888888,0.9868421052631579,115370.0,104657.0,9005.0,0.0,0.0,0.0,10000.0,0.0,0.0,0.0,0.0,0.0,0.0,0.0,0.0,0.0,0.0,0.0,0.0,0.0,10000.0,0.0,6045.90625,6691.291666666667,8634.25,9910.875,10000.0,0.0,0.0,0.0,1250.0,0.0,0.827421,0.9203481,1.0599045
3090000,110456639,883653112,309000,1.126576542854309,0.6719080209732056,0.5688715577125549,0.48383787274360657,1630.6773125608568,203.8346640701071,3505.355404089581,350.5355404089581,55.4206948705963,0.0069981082,1000.0,429.0,301.0,111.0,4509.726453463995,4264.010846843518,59.3337,59.0,0.4911705599999999,5528.0,687.0,3785.0,1.0,1.0,10.0,9.0,17.0,17.0,42.0,42.0,1.0,0.9,1.0,1.0,121973.0,109713.0,9117.0,0.0,0.0,0.0,10000.0,0.0,0.0,0.0,0.0,0.0,0.0,0.0,0.0,0.0,0.0,0.0,0.0,0.0,10000.0,0.0,6335.5,6968.5,8411.8125,9846.0,10000.0,0.0,0.0,0.0,1250.0,0.0,0.88036054,0.96489763,1.1020938
3100000,111049976,888399808,310000,1.1191883087158203,0.6730279922485352,0.5642021894454956,0.4815414547920227,1760.9342126957956,220.11677658697445,3709.810387469085,370.9810387469085,59.84764547667997,0.0069353697,1000.0,410.0,307.0,99.0,4579.248751510498,4334.111965864749,60.4312,59.0,0.44532387,5465.0,638.0,3897.0,1.0,1.0,13.0,10.0,30.0,29.0,82.0,81.0,1.0,0.7692307692307693,0.9666666666666667,0.9878048780487805,119943.0,108016.0,9351.0,0.0,0.0,0.0,10000.0,0.0,0.0,0.0,0.0,0.0,0.0,0.0,0.0,0.0,0.0,0.0,0.0,0.0,10000.0,0.0,6504.15625,7174.75,8450.9375,9846.25,10000.0,0.0,0.0,0.0,1250.0,0.0,0.9155796,1.0015908,1.1885823
3110000,111654288,893234304,311000,1.1175837516784668,0.6714460253715515,0.5634651184082031,0.4811100661754608,1783.7640258276108,222.97050322845135,3689.658706569642,368.9658706569642,60.62354644604104,0.0069848406,1000.0,383.0,300.0,92.0,4501.373503204817,4271.279519209296,59.1885,57.0,0.43108811999999996,5053.0,1087.0,3860.0,4.0,3.0,17.0,13.0,38.0,35.0,88.0,88.0,0.75,0.7647058823529411,0.9210526315789473,1.0,124374.0,111636.0,9629.0,1.0,0.0,0.0,9992.0,0.0,0.0,0.0,0.0,0.0,0.0,0.0,0.0,0.0,0.0,0.0,2.0,0.0,9993.0,5.0,6297.5,6939.458333333333,8422.0,9883.25,10000.0,0.0,0.0,0.125,1249.125,5.0,0.9582613,1.067001,1.1643437
3120000,112246173,897969384,312000,1.116236925125122,0.6709269881248474,0.5621960163116455,0.4813133180141449,1850.0421098328632,231.2552637291079,3907.097894508357,390.7097894508357,62.87609355758108,0.0071038385,1000.0,399.0,326.0,98.0,4564.545559176803,4241.279425185158,55.1271,55.0,0.4435234199999999,5347.0,905.0,3748.0,1.0,1.0,9.0,7.0,40.0,39.0,107.0,107.0,1.0,0.7777777777777778,0.975,1.0,122661.0,109953.0,8874.0,0.0,0.0,0.0,10000.0,0.0,0.0,0.0,0.0,0.0,0.0,0.0,0.0,0.0,0.0,0.0,0.0,0.0,10000.0,0.0,5636.75,6357.25,8171.625,9696.875,10000.0,0.0,0.0,0.0,1250.0,0.0,0.8539579,0.978543,1.146015
3130000,112797444,902379552,313000,1.114863395690918,0.6708790063858032,0.5632004737854004,0.47938838601112366,1799.6604851507595,224.95756064384494,4080.7073226025846,408.07073226025847,61.163808345121204,0.007175768,1000.0,409.0,303.0,110.0,4568.543949394514,4274.76153465434,58.035,57.0,0.40627065000000007,5750.0,796.0,3454.0,2.0,2.0,17.0,15.0,42.0,42.0,109.0,109.0,1.0,0.8823529411764706,1.0,1.0,131410.0,117029.0,9569.0,0.0,0.0,0.0,9998.0,0.0,0.0,0.0,0.0,0.0,0.0,0.0,0.0,0.0,0.0,0.0,0.0,0.0,9998.0,2.0,6099.09375,6869.083333333333,8258.375,9773.375,10000.0,0.0,0.0,0.0,1249.75,2.0,0.8976526,0.95974714,1.1233618
3140000,113377794,907022352,314000,1.1127346754074097,0.669929027557373,0.5628342032432556,0.4779474437236786,1828.6739606126914,228.58424507658643,3938.7308533916853,393.8730853391685,62.14986914226696,0.006981878,1000.0,415.0,304.0,98.0,4562.421806815669,4292.064099366081,58.546,55.0,0.40144212999999995,5544.0,784.0,3672.0,3.0,2.0,24.0,17.0,65.0,59.0,163.0,161.0,0.6666666666666666,0.7083333333333334,0.9076923076923077,0.9877300613496932,133540.0,118523.0,9780.0,14.0,0.0,0.0,9984.0,0.0,0.0,0.0,0.0,0.0,0.0,0.0,0.0,0.0,0.0,0.0,0.0,0.0,9998.0,2.0,6192.375,6757.25,8546.4375,9798.75,9997.0,0.0,0.0,0.0,1249.75,2.0,0.9412634,1.0534309,1.1995424
3150000,113963254,911706032,315000,1.1099998950958252,0.6685619950294495,0.56253582239151,0.4759226143360138,1844.170184840862,230.52127310510775,3937.4384775237886,393.7438477523789,62.67652852973773,0.007076688,1000.0,426.0,305.0,70.0,4576.886446221802,4345.860571099212,54.3737,53.0,0.42347155999999986,6511.0,677.0,2812.0,4.0,3.0,17.0,14.0,48.0,46.0,104.0,104.0,0.75,0.8235294117647058,0.9583333333333334,1.0,120847.0,107912.0,9202.0,2.0,0.0,0.0,9996.0,0.0,0.0,0.0,0.0,0.0,0.0,0.0,0.0,0.0,0.0,0.0,1.0,0.0,9998.0,1.0,5452.78125,6322.375,8145.25,9648.5,9999.0,0.0,0.0,0.0625,1249.75,1.0,0.9093101,1.0341413,1.1035823
3160000,114506991,916055928,316000,1.1052511930465698,0.6674150228500366,0.562047004699707,0.47207963466644287,1816.4511773576153,227.0563971697019,4175.849669411901,417.58496694119015,61.73446191483383,0.007025538,1000.0,402.0,293.0,92.0,4525.933242588849,4285.624485056657,59.1406,58.0,0.39554983000000005,5231.0,958.0,3811.0,3.0,2.0,17.0,14.0,55.0,53.0,143.0,143.0,0.6666666666666666,0.8235294117647058,0.9636363636363636,1.0,133433.0,118595.0,9660.0,1.0,0.0,0.0,9998.0,0.0,0.0,0.0,0.0,0.0,0.0,0.0,0.0,0.0,0.0,0.0,1.0,0.0,9999.0,0.0,6254.96875,6964.708333333333,8495.5,9770.875,9999.0,0.0,0.0,0.0625,1249.875,0.0,0.7924598,0.9385292,1.10609
3170000,115098397,920787176,317000,1.1024364233016968,0.666953980922699,0.5610633492469788,0.4707379639148712,1824.5841242635245,228.07301553294056,3856.4542046063207,385.64542046063207,62.010870720793925,0.007111368,1000.0,405.0,290.0,93.0,4515.156171948359,4271.139425331813,61.7251,59.0,0.39283724000000003,5375.0,513.0,4112.0,1.0,1.0,12.0,10.0,32.0,30.0,84.0,84.0,1.0,0.8333333333333334,0.9375,1.0,122288.0,110482.0,9782.0,0.0,0.0,0.0,10000.0,0.0,0.0,0.0,0.0,0.0,0.0,0.0,0.0,0.0,0.0,0.0,0.0,0.0,10000.0,0.0,6819.03125,7224.208333333333,8522.75,9912.125,10000.0,0.0,0.0,0.0,1250.0,0.0,0.84779346,0.9594966,1.1102601
3180000,115715648,925725184,318000,1.0973953008651733,0.6654130220413208,0.5591394305229187,0.46807432174682617,1779.9968759387204,222.49960949234006,3604.6860919194955,360.46860919194955,60.49551494470364,0.006902188,1000.0,413.0,301.0,95.0,4560.9877311547725,4278.840641714543,57.3868,55.0,0.41196253,6607.0,378.0,3015.0,1.0,1.0,13.0,11.0,40.0,39.0,111.0,111.0,1.0,0.8461538461538461,0.975,1.0,114471.0,102759.0,9737.0,0.0,0.0,0.0,10000.0,0.0,0.0,0.0,0.0,0.0,0.0,0.0,0.0,0.0,0.0,0.0,0.0,0.0,10000.0,0.0,5949.9375,6784.875,8238.25,9852.625,10000.0,0.0,0.0,0.0,1250.0,0.0,0.8901856,0.9615548,1.0920554
3190000,116289516,930316128,319000,1.0906140804290771,0.6645770072937012,0.557166576385498,0.4638424813747406,1756.1787695250239,219.52234619062799,3825.3108065030283,382.53108065030284,59.6860255394234,0.0070001204,1000.0,394.0,274.0,96.0,4519.1393523017405,4256.400350986219,58.4395,57.0,0.38172021000000006,5438.0,1063.0,3499.0,1.0,1.0,9.0,7.0,41.0,39.0,123.0,122.0,1.0,0.7777777777777778,0.9512195121951219,0.991869918699187,127559.0,114363.0,9523.0,0.0,0.0,0.0,10000.0,0.0,0.0,0.0,0.0,0.0,0.0,0.0,0.0,0.0,0.0,0.0,0.0,0.0,10000.0,0.0,6051.5625,6804.708333333333,8682.125,9814.75,10000.0,0.0,0.0,0.0,1250.0,0.0,0.9601562,1.0001271,1.1929951
3200000,116873911,934991288,320000,1.086423635482788,0.6629869937896729,0.5550632476806641,0.46216896176338196,1783.6557863501484,222.95697329376856,3815.175922000848,381.5175922000848,60.6198677862552,0.007036389,1000.0,392.0,325.0,85.0,4579.712346399006,4349.150041916936,58.2182,53.0,0.4614139799999999,6054.0,808.0,3138.0,3.0,3.0,16.0,14.0,38.0,37.0,88.0,88.0,1.0,0.875,0.9736842105263158,1.0,117512.0,105390.0,9850.0,0.0,0.0,0.0,9987.0,0.0,0.0,0.0,0.0,0.0,0.0,0.0,0.0,0.0,1.0,0.0,0.0,0.0,9987.0,12.0,6148.59375,6756.416666666667,8368.8125,9921.625,9999.0,0.0,0.0,0.0625,1248.375,12.0,0.9327539,1.021893,1.1285564
3210000,117456093,939648744,321000,1.0829046964645386,0.6618750095367432,0.5536115765571594,0.4604968726634979,1760.4831583368332,220.06039479210415,3779.92440151197,377.99244015119694,59.832315806115744,0.00697274,1000.0,386.0,309.0,77.0,4562.679918608008,4272.491107260275,57.5843,55.0,0.41355623,5621.0,807.0,3572.0,3.0,3.0,21.0,19.0,39.0,38.0,90.0,89.0,1.0,0.9047619047619048,0.9743589743589743,0.9888888888888889,123084.0,110007.0,9554.0,0.0,0.0,0.0,9991.0,0.0,0.0,0.0,0.0,0.0,0.0,0.0,0.0,0.0,8.0,0.0,0.0,0.0,9991.0,1.0,6018.96875,6742.666666666667,8312.0625,9802.5,9999.0,0.0,0.0,0.5,1248.875,1.0,0.8873929,0.9220585,1.0699162
3220000,118031936,944255488,322000,1.073491096496582,0.6613370180130005,0.548606276512146,0.45652806758880615,1727.529,215.941125,3750.0,375.0,58.712325762816,0.0069580954,1000.0,413.0,272.0,94.0,4532.541978502869,4312.05353602647,58.0949,57.0,0.42517172000000003,6081.0,385.0,3534.0,2.0,2.0,15.0,12.0,37.0,35.0,81.0,81.0,1.0,0.8,0.9459459459459459,1.0,123860.0,109752.0,9467.0,0.0,0.0,0.0,9998.0,0.0,0.0,0.0,0.0,0.0,0.0,0.0,0.0,0.0,2.0,0.0,0.0,0.0,9998.0,0.0,6053.25,6804.0,8456.125,9831.375,10000.0,0.0,0.0,0.125,1249.75,0.0,0.8998076,0.9774515,1.0909306
3230000,118612885,948903080,323000,1.0616451501846313,0.6616929769515991,0.5435363054275513,0.45040541887283325,1743.9369606003752,217.9921200750469,3752.34521575985,375.234521575985,59.26997169980038,0.006975081,1000.0,420.0,301.0,83.0,4601.470886789242,4303.444811853456,60.3307,59.0,0.42486141000000005,4984.0,903.0,4113.0,1.0,1.0,14.0,10.0,42.0,41.0,113.0,113.0,1.0,0.7142857142857143,0.9761904761904762,1.0,130740.0,115617.0,9535.0,0.0,0.0,0.0,10000.0,0.0,0.0,0.0,0.0,0.0,0.0,0.0,0.0,0.0,0.0,0.0,0.0,0.0,10000.0,0.0,6486.90625,7063.833333333333,8681.0,9662.375,9999.0,0.0,0.0,0.0,1250.0,0.0,0.858308,0.96441793,1.1114374
3240000,119216192,953729536,324000,1.0533136129379272,0.6608240008354187,0.5409784913063049,0.44530239701271057,1801.1030994091427,225.13788742614284,3731.730071524826,373.1730071524826,61.21283747186135,0.006889476,1000.0,423.0,301.0,74.0,4632.150267413629,4296.34052706131,49.8819,49.0,0.38203165000000006,6435.0,995.0,2570.0,1.0,1.0,21.0,17.0,86.0,80.0,235.0,234.0,1.0,0.8095238095238095,0.9302325581395349,0.9957446808510638,116086.0,102296.0,8560.0,0.0,0.0,0.0,10000.0,0.0,0.0,0.0,0.0,0.0,0.0,0.0,0.0,0.0,0.0,0.0,0.0,0.0,10000.0,0.0,4743.875,5567.833333333333,7883.8125,9655.75,10000.0,0.0,0.0,0.0,1250.0,0.0,0.94317865,0.98267215,1.1070839
3250000,119715011,957720088,325000,1.0498045682907104,0.6602830290794373,0.5410515666007996,0.44218143820762634,1747.4744191704174,218.43430239630217,4379.029315168471,437.9029315168471,59.39019684214924,0.0068553197,1000.0,442.0,291.0,87.0,4605.430181088836,4334.999364939229,50.112,49.0,0.40324403,6506.0,998.0,2496.0,1.0,1.0,15.0,12.0,52.0,49.0,163.0,162.0,1.0,0.8,0.9423076923076923,0.9938650306748467,116304.0,103205.0,8528.0,0.0,0.0,0.0,10000.0,0.0,0.0,0.0,0.0,0.0,0.0,0.0,0.0,0.0,0.0,0.0,0.0,0.0,10000.0,0.0,4832.03125,5501.708333333333,7958.1875,9640.5,9999.0,0.0,0.0,0.0,1250.0,0.0,0.95150894,1.0565368,1.2190875
3260000,120216131,961729048,326000,1.0459507703781128,0.6607170104980469,0.5395625829696655,0.4401799440383911,1806.2898623279098,225.78623279098872,4505.632040050063,450.56320400500624,61.38911637319449,0.0068888697,1000.0,422.0,278.0,63.0,4531.922969621614,4319.808506081151,50.4091,49.0,0.4143236099999999,6528.0,947.0,2525.0,1.0,1.0,10.0,7.0,53.0,51.0,155.0,155.0,1.0,0.7,0.9622641509433962,1.0,116058.0,102762.0,8877.0,0.0,0.0,0.0,10000.0,0.0,0.0,0.0,0.0,0.0,0.0,0.0,0.0,0.0,0.0,0.0,0.0,0.0,10000.0,0.0,4744.21875,5702.875,8057.125,9561.75,9999.0,0.0,0.0,0.0,1250.0,0.0,0.8910967,1.0125494,1.1227977
3270000,120720222,965761776,327000,1.038697600364685,0.660548985004425,0.5370557308197021,0.4358806312084198,1762.0853016142737,220.2606627017842,4369.4623133875475,436.9462313387547,59.8867667345944,0.0070040654,1000.0,406.0,282.0,55.0,4602.22261607182,4334.671047247538,58.9023,55.0,0.46035827,5439.0,853.0,3708.0,2.0,2.0,12.0,10.0,40.0,38.0,106.0,106.0,1.0,0.8333333333333334,0.95,1.0,126684.0,111904.0,9770.0,0.0,0.0,0.0,9998.0,0.0,0.0,0.0,0.0,0.0,0.0,0.0,0.0,0.0,0.0,0.0,0.0,0.0,9998.0,2.0,6223.78125,6856.458333333333,8567.375,9778.75,9999.0,0.0,0.0,0.0,1249.75,2.0,0.9260095,1.0123057,1.1643819
3280000,121309245,970473960,328000,1.0338257551193237,0.661637008190155,0.5345755815505981,0.4338206350803375,1796.6386782461343,224.5798347807668,3812.7515356915906,381.27515356915904,61.0611082970313,0.0069290143,1000.0,419.0,280.0,71.0,4588.833621385428,4351.04615289721,55.7546,53.0,0.44381568,6405.0,634.0,2961.0,1.0,1.0,10.0,8.0,34.0,33.0,78.0,78.0,1.0,0.8,0.9705882352941176,1.0,115138.0,103104.0,9543.0,0.0,0.0,0.0,10000.0,0.0,0.0,0.0,0.0,0.0,0.0,0.0,0.0,0.0,0.0,0.0,0.0,0.0,10000.0,0.0,5655.46875,6524.833333333333,8207.5,9831.875,10000.0,0.0,0.0,0.0,1250.0,0.0,0.91645795,1.0427346,1.1444018
3290000,121866791,974934328,329000,1.0253806114196777,0.6609650254249573,0.5303919911384583,0.4298955202102661,1778.8107676969094,222.35134596211367,3988.035892323031,398.8035892323031,60.45520350942054,0.006793693,1000.0,426.0,261.0,66.0,4553.974438758258,4390.56843772725,55.459,51.0,0.45630082,5705.0,1050.0,3245.0,1.0,1.0,19.0,15.0,60.0,58.0,143.0,141.0,1.0,0.7894736842105263,0.9666666666666667,0.986013986013986,120427.0,107457.0,9497.0,0.0,0.0,0.0,10000.0,0.0,0.0,0.0,0.0,0.0,0.0,0.0,0.0,0.0,0.0,0.0,0.0,0.0,10000.0,0.0,5609.09375,6400.375,8316.0,9805.5,9990.0,0.0,0.0,0.0,1250.0,0.0,0.91118044,1.0182755,1.1593126
3300000,122421381,979371048,330000,1.0181690454483032,0.6612619757652283,0.5268594622612,0.4266345500946045,1734.034523938769,216.75431549234614,3908.370426663772,390.83704266637716,58.93342447707828,0.006871449,1000.0,424.0,268.0,73.0,4554.575459706155,4309.289572348258,52.4501,50.0,0.42517785,5886.0,1179.0,2935.0,1.0,1.0,21.0,18.0,71.0,68.0,156.0,156.0,1.0,0.8571428571428571,0.9577464788732394,1.0,114649.0,101811.0,8958.0,0.0,0.0,0.0,10000.0,0.0,0.0,0.0,0.0,0.0,0.0,0.0,0.0,0.0,0.0,0.0,0.0,0.0,10000.0,0.0,5234.9375,6061.041666666667,7766.0625,9659.5,9985.0,0.0,0.0,0.0,1250.0,0.0,0.91759795,0.984847,1.0765941
3310000,122945882,983567056,331000,1.0143444538116455,0.660336971282959,0.5251958966255188,0.4249472916126251,1801.5061180679786,225.18826475849733,4293.381037567085,429.3381037567084,61.22653458651822,0.0067835026,1000.0,385.0,283.0,52.0,4607.835125952158,4444.265217548698,45.9989,40.0,0.41163162999999997,5835.0,1727.0,2438.0,1.0,1.0,35.0,29.0,94.0,92.0,299.0,299.0,1.0,0.8285714285714286,0.9787234042553191,1.0,118768.0,102989.0,8521.0,0.0,0.0,0.0,10000.0,0.0,0.0,0.0,0.0,0.0,0.0,0.0,0.0,0.0,0.0,0.0,0.0,0.0,10000.0,0.0,4087.5625,5227.916666666667,7441.5625,9331.875,9997.0,0.0,0.0,0.0,1250.0,0.0,1.0193046,1.0584992,1.1579524
3320000,123405871,987246968,332000,1.0170661211013794,0.6601369976997375,0.5273256301879883,0.4256923794746399,1859.5849522740034,232.44811903425042,5053.3408197641775,505.33408197641774,63.20041950180977,0.007017519,1000.0,370.0,324.0,52.0,4595.617767474856,4376.155404786518,52.2349,49.0,0.40855083,5154.0,1879.0,2967.0,1.0,1.0,33.0,27.0,79.0,76.0,206.0,206.0,1.0,0.8181818181818182,0.9620253164556962,1.0,118911.0,104527.0,8779.0,0.0,0.0,0.0,10000.0,0.0,0.0,0.0,0.0,0.0,0.0,0.0,0.0,0.0,0.0,0.0,0.0,0.0,10000.0,0.0,5045.5,5980.708333333333,8155.1875,9609.875,9994.0,0.0,0.0,0.0,1250.0,0.0,0.9116844,1.0397209,1.1877713
3330000,123928220,991425760,333000,1.014914631843567,0.6592779755592346,0.5271323323249817,0.42394229769706726,1813.362005785921,226.67025072324012,4339.440694310511,433.9440694310511,61.62947239069007,0.006903805,1000.0,410.0,267.0,55.0,4551.196197866525,4354.237201478945,54.0155,51.0,0.4168747000000001,6109.0,819.0,3072.0,1.0,1.0,23.0,18.0,63.0,61.0,155.0,155.0,1.0,0.782608695652174,0.9682539682539683,1.0,125266.0,110145.0,9308.0,0.0,0.0,0.0,10000.0,0.0,0.0,0.0,0.0,0.0,0.0,0.0,0.0,0.0,0.0,0.0,0.0,0.0,10000.0,0.0,5261.0,6325.375,8322.625,9604.125,9999.0,0.0,0.0,0.0,1250.0,0.0,0.88684523,0.99965537,1.1426551
3340000,124468375,995747000,334000,1.0096173286437988,0.6592569947242737,0.5236826539039612,0.4223487079143524,1793.8726937269373,224.23408671586716,4151.291512915129,415.1291512915129,60.96710270630258,0.0068710716,1000.0,465.0,255.0,71.0,4641.569499216019,4382.056852783901,46.1512,43.0,0.44705975,6693.0,1570.0,1737.0,1.0,1.0,18.0,13.0,65.0,63.0,181.0,181.0,1.0,0.7222222222222222,0.9692307692307692,1.0,113589.0,100011.0,8978.0,0.0,0.0,0.0,10000.0,0.0,0.0,0.0,0.0,0.0,0.0,0.0,0.0,0.0,0.0,0.0,0.0,0.0,10000.0,0.0,3890.21875,5353.416666666667,7771.75,9274.5,9999.0,0.0,0.0,0.0,1250.0,0.0,0.93055964,1.0371042,1.1838136
3350000,124929887,999439096,335000,1.0075000524520874,0.6587920188903809,0.5237057209014893,0.42039135098457336,1787.2187172246872,223.4023396530859,4840.6615570794675,484.06615570794673,60.74095863808826,0.00689712,1000.0,424.0,277.0,38.0,4544.890623683254,4296.904029324351,36.8395,23.0,0.43027542,3989.0,4643.0,1368.0,3.0,2.0,20.0,14.0,49.0,45.0,124.0,124.0,0.6666666666666666,0.7,0.9183673469387755,1.0,83933.0,75502.0,5247.0,1.0,0.0,0.0,9997.0,0.0,0.0,0.0,0.0,0.0,0.0,0.0,0.0,0.0,0.0,0.0,2.0,0.0,9998.0,0.0,2836.53125,3569.5833333333335,6711.375,9321.75,10000.0,0.0,0.0,0.125,1249.75,0.0,0.9187695,1.015764,1.1299917
3360000,125298282,1002386256,336000,1.0092658996582031,0.662352979183197,0.5181601047515869,0.42793089151382446,1558.8856890978548,194.86071113723185,5289.450484866295,528.9450484866295,52.98076293092918,0.0070707905,1000.0,435.0,267.0,61.0,4624.747105569734,4329.8481783553325,47.3882,43.0,0.42040072,6463.0,1232.0,2305.0,1.0,1.0,20.0,16.0,72.0,70.0,190.0,190.0,1.0,0.8,0.9722222222222222,1.0,116564.0,102336.0,8802.0,0.0,0.0,0.0,10000.0,0.0,0.0,0.0,0.0,0.0,0.0,0.0,0.0,0.0,0.0,0.0,0.0,0.0,10000.0,0.0,4296.9375,5373.25,7647.5625,9382.625,10000.0,0.0,0.0,0.0,1250.0,0.0,0.95708907,1.0269938,1.1810684
3370000,125772164,1006177312,337000,1.0075868368148804,0.6618450284004211,0.5168393850326538,0.42778247594833374,1766.9344381149663,220.86680476437078,4660.797514241325,466.07975142413255,60.05157096184443,0.0068040094,1000.0,429.0,252.0,51.0,4575.734689980779,4360.912491244481,51.6015,49.0,0.4103734200000001,5188.0,1779.0,3033.0,1.0,1.0,29.0,22.0,95.0,93.0,207.0,207.0,1.0,0.7586206896551724,0.9789473684210527,1.0,127307.0,111255.0,9063.0,0.0,0.0,0.0,10000.0,0.0,0.0,0.0,0.0,0.0,0.0,0.0,0.0,0.0,0.0,0.0,0.0,0.0,10000.0,0.0,5016.3125,5813.5,8171.125,9404.25,9997.0,0.0,0.0,0.0,1250.0,0.0,0.97432923,1.0172861,1.1393433
3380000,126288179,1010305432,338000,1.0064419507980347,0.6632590293884277,0.5159247517585754,0.42771977186203003,1896.7749840459476,237.09687300574345,4594.767070835992,459.47670708359925,64.46437122738072,0.0069118403,1000.0,389.0,254.0,42.0,4557.597489954973,4356.206831343483,51.1511,49.0,0.40392254999999994,5188.0,1773.0,3039.0,1.0,1.0,27.0,20.0,109.0,107.0,222.0,222.0,1.0,0.7407407407407407,0.981651376146789,1.0,127034.0,110321.0,8995.0,0.0,0.0,0.0,10000.0,0.0,0.0,0.0,0.0,0.0,0.0,0.0,0.0,0.0,0.0,0.0,0.0,0.0,10000.0,0.0,4832.625,5878.916666666667,8197.6875,9326.625,9997.0,0.0,0.0,0.0,1250.0,0.0,0.9537444,1.0280466,1.1851664
3390000,126799690,1014397520,339000,1.0052496194839478,0.662227988243103,0.5170487761497498,0.42550894618034363,1906.0055375857162,238.25069219821452,4657.78237805667,465.778237805667,64.77808362607158,0.006880945,1000.0,421.0,271.0,40.0,4625.511671264875,4379.310439093346,51.7853,49.0,0.40203602999999993,6321.0,1017.0,2662.0,1.0,1.0,19.0,13.0,68.0,65.0,170.0,170.0,1.0,0.6842105263157895,0.9558823529411765,1.0,128661.0,111823.0,9323.0,0.0,0.0,0.0,10000.0,0.0,0.0,0.0,0.0,0.0,0.0,0.0,0.0,0.0,0.0,0.0,0.0,0.0,10000.0,0.0,4904.0,5880.666666666667,8389.5,9444.75,9999.0,0.0,0.0,0.0,1250.0,0.0,0.89580226,1.0189754,1.1415806
3400000,127317543,1018540344,340000,1.0016330480575562,0.6607639789581299,0.5158654451370239,0.4232349097728729,1801.8806814063066,225.23508517578833,4349.401957230881,434.94019572308804,61.23926461000188,0.0071074674,1000.0,425.0,259.0,30.0,4594.1215997547,4350.043540195799,52.2002,51.0,0.43964944000000006,5988.0,1208.0,2804.0,1.0,1.0,34.0,26.0,118.0,109.0,270.0,265.0,1.0,0.7647058823529411,0.923728813559322,0.9814814814814815,131427.0,113768.0,9271.0,0.0,0.0,0.0,10000.0,0.0,0.0,0.0,0.0,0.0,0.0,0.0,0.0,0.0,0.0,0.0,0.0,0.0,10000.0,0.0,5026.09375,6037.291666666667,8203.8125,9377.125,9994.0,0.0,0.0,0.0,1250.0,0.0,1.0303893,1.0427619,1.146758
3410000,127839545,1022716360,341000,1.0028375387191772,0.6595829725265503,0.5189234614372253,0.42150238156318665,1891.2640080513272,236.4080010064159,4528.871556170588,452.88715561705874,64.27707352189086,0.006947176,1000.0,418.0,270.0,43.0,4623.432983844482,4464.13044490971,49.4405,47.0,0.4136572000000001,5400.0,1833.0,2767.0,1.0,1.0,29.0,24.0,91.0,87.0,190.0,189.0,1.0,0.8275862068965517,0.9560439560439561,0.9947368421052631,117499.0,102670.0,8680.0,0.0,0.0,0.0,10000.0,0.0,0.0,0.0,0.0,0.0,0.0,0.0,0.0,0.0,0.0,0.0,0.0,0.0,10000.0,0.0,4599.34375,5607.625,7994.625,9341.5,9997.0,0.0,0.0,0.0,1250.0,0.0,0.9286665,0.9886007,1.1620619
3420000,128333950,1026671600,342000,1.0014455318450928,0.6591579914093018,0.5188847780227661,0.42025062441825867,1829.4827187459848,228.6853398432481,4625.46575870487,462.54657587048695,62.17735584204754,0.0068877116,1000.0,433.0,252.0,47.0,4580.402265344916,4356.680501699009,46.6784,45.0,0.4443882699999999,6227.0,1584.0,2189.0,1.0,1.0,30.0,22.0,89.0,86.0,203.0,202.0,1.0,0.7333333333333333,0.9662921348314607,0.9950738916256158,112475.0,98012.0,8304.0,0.0,0.0,0.0,10000.0,0.0,0.0,0.0,0.0,0.0,0.0,0.0,0.0,0.0,0.0,0.0,0.0,0.0,10000.0,0.0,4138.1875,5238.416666666667,7958.0625,8913.875,10000.0,0.0,0.0,0.0,1250.0,0.0,0.988146,1.0683453,1.180252
3430000,128800734,1030405872,343000,1.0058670043945312,0.6575620174407959,0.5224183797836304,0.42114418745040894,1809.094226887364,226.1367783609205,4844.57004440856,484.45700444085594,61.484426359638924,0.006981413,1000.0,389.0,285.0,61.0,4610.66935446399,4349.326767008564,44.1347,42.0,0.4482215,6915.0,1179.0,1906.0,1.0,1.0,29.0,21.0,95.0,94.0,219.0,219.0,1.0,0.7241379310344828,0.9894736842105263,1.0,110788.0,96330.0,7554.0,0.0,0.0,0.0,10000.0,0.0,0.0,0.0,0.0,0.0,0.0,0.0,0.0,0.0,0.0,0.0,0.0,0.0,10000.0,0.0,3851.1875,4869.125,7674.8125,8556.75,9999.0,0.0,0.0,0.0,1250.0,0.0,0.83932984,1.00337,1.1223696
3440000,129242081,1033936648,344000,1.0012751817703247,0.6579020023345947,0.5186650156974792,0.42031362652778625,1780.472559181958,222.55906989774476,5042.723070458047,504.2723070458047,60.51168166001602,0.0069414997,1000.0,429.0,240.0,41.0,4575.719969745032,4402.245694474154,50.7949,49.0,0.42673083000000006,6267.0,1033.0,2700.0,1.0,1.0,31.0,27.0,70.0,69.0,185.0,185.0,1.0,0.8709677419354839,0.9857142857142858,1.0,123578.0,107515.0,9256.0,0.0,0.0,0.0,10000.0,0.0,0.0,0.0,0.0,0.0,0.0,0.0,0.0,0.0,0.0,0.0,0.0,0.0,10000.0,0.0,4864.3125,5661.75,8158.6875,9483.75,10000.0,0.0,0.0,0.0,1250.0,0.0,0.9566389,1.0396768,1.1670156
3450000,129750030,1038000240,345000,1.0010967254638672,0.6573500037193298,0.5200011134147644,0.4188881814479828,1855.5214611872145,231.94018264840182,4566.2100456621,456.62100456621005,63.062316458432875,0.0068972046,1000.0,412.0,261.0,33.0,4515.8981888665085,4394.296516605573,51.9507,51.0,0.45045015999999993,6215.0,1165.0,2620.0,1.0,1.0,16.0,14.0,54.0,53.0,129.0,129.0,1.0,0.875,0.9814814814814815,1.0,119519.0,104342.0,9332.0,0.0,0.0,0.0,10000.0,0.0,0.0,0.0,0.0,0.0,0.0,0.0,0.0,0.0,0.0,0.0,0.0,0.0,10000.0,0.0,4917.9375,5974.25,8269.9375,9554.0,10000.0,0.0,0.0,0.0,1250.0,0.0,0.92002696,1.0144657,1.152859
3460000,130269537,1042156296,346000,0.9986565113067627,0.6569830179214478,0.5192157626152039,0.4172976315021515,1782.0154359218677,222.75192949023347,4287.756074321105,428.7756074321105,60.56411833793312,0.0068835905,1000.0,424.0,223.0,56.0,4524.034073333937,4412.800173718655,29.7453,21.0,0.43973384,6796.0,2245.0,959.0,1.0,1.0,24.0,21.0,51.0,50.0,108.0,108.0,1.0,0.875,0.9803921568627451,1.0,64735.0,58385.0,4758.0,0.0,0.0,0.0,10000.0,0.0,0.0,0.0,0.0,0.0,0.0,0.0,0.0,0.0,0.0,0.0,0.0,0.0,10000.0,0.0,1936.625,3154.7916666666665,5613.9375,7492.875,10000.0,0.0,0.0,0.0,1250.0,0.0,0.86285263,0.98758525,1.0468338
3470000,130566990,1044535920,347000,1.0029064416885376,0.6580049991607666,0.521453320980072,0.4190797209739685,1716.7628056112226,214.59535070140282,7214.428857715431,721.4428857715432,58.346422607395915,0.00707093,1000.0,392.0,265.0,48.0,4575.09545414984,4361.574970865098,25.0657,17.0,0.4324214899999999,8411.0,1093.0,496.0,1.0,1.0,28.0,23.0,52.0,51.0,91.0,91.0,1.0,0.8214285714285714,0.9807692307692307,1.0,47083.0,43215.0,4197.0,0.0,0.0,0.0,10000.0,0.0,0.0,0.0,0.0,0.0,0.0,0.0,0.0,0.0,0.0,0.0,0.0,0.0,10000.0,0.0,1575.09375,2446.5833333333335,4899.0,6644.0,10000.0,0.0,0.0,0.0,1250.0,0.0,0.93341035,1.0215628,1.1378977
3480000,130817647,1046541176,348000,0.9928887486457825,0.6611089706420898,0.5164196491241455,0.4139863848686218,1685.0890756302522,210.63613445378152,8403.361344537816,840.3361344537816,57.26994959144875,0.006969794,1000.0,429.0,260.0,47.0,4507.888971011883,4359.960961709684,46.9022,45.0,0.46225642000000006,6747.0,1344.0,1909.0,2.0,2.0,26.0,23.0,75.0,74.0,143.0,143.0,1.0,0.8846153846153846,0.9866666666666667,1.0,107899.0,94422.0,9070.0,0.0,0.0,0.0,9994.0,0.0,0.0,0.0,0.0,0.0,0.0,0.0,0.0,0.0,6.0,0.0,0.0,0.0,9994.0,0.0,4188.40625,5245.708333333333,7921.625,9043.75,10000.0,0.0,0.0,0.375,1249.25,0.0,1.0078588,1.0169526,1.1642342
3490000,131286669,1050293352,349000,0.9989206194877625,0.657804012298584,0.5196713209152222,0.41681137681007385,1714.6272658035034,214.32840822543793,4569.68773800457,456.9687738004569,58.273843502286674,0.0069432682,1000.0,432.0,245.0,44.0,4623.833524208569,4431.870330724581,54.1569,49.0,0.46449363000000005,5617.0,1251.0,3132.0,2.0,2.0,21.0,20.0,72.0,71.0,132.0,132.0,1.0,0.9523809523809523,0.9861111111111112,1.0,114777.0,101287.0,9282.0,0.0,0.0,0.0,9998.0,0.0,0.0,0.0,0.0,0.0,0.0,0.0,0.0,0.0,2.0,0.0,0.0,0.0,9998.0,0.0,5206.59375,6168.125,8697.0625,9721.375,9999.0,0.0,0.0,0.125,1249.75,0.0,0.9970969,1.0704262,1.1615446
3500000,131828238,1054625904,350000,0.9888941645622253,0.6591349840164185,0.5142531394958496,0.41227829456329346,1760.6035895699288,220.0754486962411,4063.6640704368438,406.3664070436844,59.836408818614835,0.0070172898,1000.0,431.0,256.0,49.0,4565.012129076611,4439.377260944986,55.6169,51.0,0.4813366899999999,5580.0,1031.0,3389.0,1.0,1.0,21.0,17.0,55.0,55.0,125.0,125.0,1.0,0.8095238095238095,1.0,1.0,127216.0,111952.0,9605.0,0.0,0.0,0.0,10000.0,0.0,0.0,0.0,0.0,0.0,0.0,0.0,0.0,0.0,0.0,0.0,0.0,0.0,10000.0,0.0,5662.15625,6359.583333333333,8441.3125,9661.25,9999.0,0.0,0.0,0.0,1250.0,0.0,0.9576154,0.98843956,1.1421809
3510000,132384407,1059075256,351000,0.9854931235313416,0.6590980291366577,0.5128126740455627,0.4104470908641815,1777.7655049944506,222.22068812430632,3995.560488346282,399.5560488346282,60.41967889345492,0.006891575,1000.0,382.0,278.0,50.0,4567.129073496776,4380.324990186329,44.9014,40.0,0.45705095999999995,6373.0,1416.0,2211.0,1.0,1.0,18.0,16.0,59.0,59.0,144.0,144.0,1.0,0.8888888888888888,1.0,1.0,111545.0,97496.0,7691.0,0.0,0.0,0.0,10000.0,0.0,0.0,0.0,0.0,0.0,0.0,0.0,0.0,0.0,0.0,0.0,0.0,0.0,10000.0,0.0,3980.3125,5115.625,7238.0,9133.625,9992.0,0.0,0.0,0.0,1250.0,0.0,0.8704896,1.0147251,1.0975238
3520000,132833421,1062667368,352000,0.9865739345550537,0.6587589979171753,0.5127533674240112,0.4116877019405365,1756.7726124167912,219.5965765520989,4890.639858714849,489.0639858714849,59.70620806447125,0.006966846,1000.0,415.0,254.0,42.0,4597.943253841131,4412.6205294016645,55.0032,51.0,0.48088159999999996,5344.0,1222.0,3434.0,4.0,3.0,48.0,44.0,98.0,97.0,165.0,165.0,0.75,0.9166666666666666,0.9897959183673469,1.0,126921.0,110276.0,9394.0,1.0,0.0,0.0,9965.0,0.0,0.0,0.0,0.0,0.0,0.0,0.0,0.0,0.0,0.0,0.0,33.0,0.0,9966.0,1.0,5546.21875,6243.375,8594.75,9399.75,9998.0,0.0,0.0,2.0625,1245.75,1.0,0.9446753,1.0283915,1.1739222
3530000,133383453,1067067624,353000,0.9833313226699829,0.6587619781494141,0.5112614631652832,0.41012492775917053,1858.8267542830322,232.35334428537902,4224.360478760854,422.4360478760854,63.174651154396436,0.006965982,1000.0,415.0,266.0,57.0,4619.836516829119,4407.642320948614,52.4787,49.0,0.4548265,5748.0,1131.0,3121.0,2.0,2.0,18.0,14.0,45.0,44.0,88.0,88.0,1.0,0.7777777777777778,0.9777777777777777,1.0,118877.0,104389.0,8924.0,0.0,0.0,0.0,9997.0,0.0,0.0,0.0,0.0,0.0,0.0,0.0,0.0,0.0,0.0,0.0,3.0,0.0,9997.0,0.0,5191.0,5850.916666666667,8476.4375,9078.75,10000.0,0.0,0.0,0.1875,1249.625,0.0,0.89909947,0.9114433,1.0766368
3540000,133908240,1071265920,354000,0.9855190515518188,0.6574239730834961,0.5136914253234863,0.40993183851242065,1835.097814473045,229.38722680913062,4371.053909664885,437.1053909664886,62.36819219241651,0.006908573,1000.0,445.0,232.0,58.0,4577.047929147167,,54.7224,51.0,0.4604397399999999,5285.0,1278.0,3437.0,1.0,1.0,14.0,13.0,48.0,47.0,109.0,109.0,1.0,0.9285714285714286,0.9791666666666666,1.0,121101.0,106168.0,9247.0,0.0,0.0,0.0,10000.0,0.0,0.0,0.0,0.0,0.0,0.0,0.0,0.0,0.0,0.0,0.0,0.0,0.0,10000.0,0.0,5484.28125,6326.583333333333,8337.9375,9560.25,10000.0,0.0,0.0,0.0,1250.0,0.0,0.94565606,0.9847844,1.0922806
3550000,134455464,1075643712,355000,0.984112024307251,0.6582099795341492,0.5122562050819397,0.4098111689090729,1798.4766860664156,224.80958575830195,4108.182129407737,410.8182129407737,61.123575389565765,0.0068911426,1000.0,449.0,244.0,43.0,4666.207642583359,,57.5892,55.0,0.5007127,4409.0,1570.0,4021.0,1.0,1.0,13.0,10.0,44.0,43.0,107.0,106.0,1.0,0.7692307692307693,0.9772727272727273,0.9906542056074766,137911.0,120457.0,9494.0,0.0,0.0,0.0,10000.0,0.0,0.0,0.0,0.0,0.0,0.0,0.0,0.0,0.0,0.0,0.0,0.0,0.0,10000.0,0.0,6018.8125,6726.583333333333,8449.0625,9583.375,10000.0,0.0,0.0,0.0,1250.0,0.0,0.98215884,1.0265175,1.1028442
3560000,135031356,1080250848,356000,0.9846072793006897,0.6577100157737732,0.5103704929351807,0.4121851921081543,1886.4524112829845,235.80655141037306,4094.6314831665154,409.46314831665154,64.11354513139655,0.0069275424,1000.0,427.0,253.0,42.0,4631.406426587116,,54.6353,51.0,0.5082766900000001,4925.0,1751.0,3324.0,1.0,1.0,18.0,15.0,56.0,55.0,126.0,126.0,1.0,0.8333333333333334,0.9821428571428571,1.0,122946.0,107533.0,9080.0,0.0,0.0,0.0,10000.0,0.0,0.0,0.0,0.0,0.0,0.0,0.0,0.0,0.0,0.0,0.0,0.0,0.0,10000.0,0.0,5475.125,6272.208333333333,8505.6875,9315.875,9998.0,0.0,0.0,0.0,1250.0,0.0,0.9675928,0.9932809,1.1378976
3570000,135577709,1084621672,357000,0.9904146790504456,0.6570029854774475,0.51371169090271,0.4146168828010559,1796.024015523342,224.50300194041776,4109.11996347449,410.91199634744896,61.04021818287703,0.0068881735,1000.0,444.0,246.0,38.0,4602.473703855175,,60.9187,61.0,0.48399407,4577.0,847.0,4576.0,3.0,3.0,46.0,41.0,97.0,96.0,211.0,211.0,1.0,0.8913043478260869,0.9896907216494846,1.0,132229.0,116173.0,9730.0,0.0,0.0,0.0,9927.0,0.0,0.0,0.0,0.0,0.0,0.0,0.0,0.0,0.0,1.0,0.0,72.0,0.0,9927.0,0.0,6508.875,7188.666666666667,8801.5,9694.5,9995.0,0.0,0.0,4.5625,1240.875,0.0,0.9620314,0.9952832,1.1564606
3580000,136186896,1089495168,358000,0.9877051711082458,0.6575989723205566,0.5115779638290405,0.41399115324020386,1762.9205787781352,220.3650723472669,3617.363344051447,361.7363344051447,59.91515471820965,0.0067363842,1000.0,450.0,206.0,37.0,4572.69279583866,,53.7988,49.0,0.48466034,5669.0,1044.0,3287.0,2.0,2.0,26.0,24.0,62.0,61.0,119.0,118.0,1.0,0.9230769230769231,0.9838709677419355,0.9915966386554622,118794.0,104711.0,9140.0,0.0,0.0,0.0,9990.0,0.0,0.0,0.0,0.0,0.0,0.0,0.0,0.0,0.0,0.0,0.0,10.0,0.0,9990.0,0.0,5252.875,6287.583333333333,8392.0,9340.75,9996.0,0.0,0.0,0.625,1248.75,0.0,0.9450022,1.0162376,1.170988
3590000,136724884,1093799072,359000,0.9904676675796509,0.6568940281867981,0.5140573978424072,0.4142468571662903,1820.2601503759397,227.53251879699246,4229.3233082706765,422.93233082706763,61.8639148297624,0.0068987277,1000.0,425.0,238.0,69.0,4577.7581245486745,,55.1654,51.0,0.49794023,5853.0,814.0,3333.0,2.0,2.0,19.0,17.0,52.0,51.0,126.0,126.0,1.0,0.8947368421052632,0.9807692307692307,1.0,119617.0,105416.0,9416.0,0.0,0.0,0.0,9998.0,0.0,0.0,0.0,0.0,0.0,0.0,0.0,0.0,0.0,0.0,0.0,2.0,0.0,9998.0,0.0,5539.0625,6393.833333333333,8436.5625,9495.875,10000.0,0.0,0.0,0.125,1249.75,0.0,0.9085725,0.9775458,1.1592642
3600000,137276538,1098212304,360000,0.9899621605873108,0.6582480072975159,0.5128998160362244,0.41480275988578796,1747.6223957760421,218.45279947200527,3959.960400395996,395.9960400395996,59.39522602005289,0.00685774,1000.0,429.0,251.0,47.0,4590.264370519421,,47.1942,43.0,0.48271237999999994,6756.0,1072.0,2172.0,1.0,1.0,13.0,11.0,33.0,32.0,92.0,90.0,1.0,0.8461538461538461,0.9696969696969697,0.9782608695652174,104051.0,92169.0,7314.0,0.0,0.0,0.0,10000.0,0.0,0.0,0.0,0.0,0.0,0.0,0.0,0.0,0.0,0.0,0.0,0.0,0.0,10000.0,0.0,4130.71875,5454.125,7960.0625,8937.375,10000.0,0.0,0.0,0.0,1250.0,0.0,0.8810684,0.9438637,1.1769097
3610000,137748480,1101987840,361000,0.9916059374809265,0.6593689918518066,0.5132563710212708,0.4159996211528778,1722.6780228136881,215.33475285171102,4562.737642585551,456.2737642585551,58.54745897746494,0.006985253,1000.0,434.0,220.0,53.0,4588.233405434057,,56.1787,53.0,0.5016457499999999,5005.0,1267.0,3728.0,1.0,1.0,10.0,9.0,46.0,46.0,99.0,99.0,1.0,0.9,1.0,1.0,134897.0,118687.0,9217.0,0.0,0.0,0.0,10000.0,0.0,0.0,0.0,0.0,0.0,0.0,0.0,0.0,0.0,0.0,0.0,0.0,0.0,10000.0,0.0,5696.5,6560.0,8445.9375,9615.5,10000.0,0.0,0.0,0.0,1250.0,0.0,0.93938595,1.0311844,1.2050142
3620000,138310267,1106482136,362000,0.9905184507369995,0.6597009897232056,0.5114879012107849,0.4166010022163391,1842.1343049072073,230.2667881134009,4098.827279972675,409.88272799726747,62.607336495405036,0.0067604952,1000.0,470.0,258.0,68.0,4638.737283777828,,56.3948,51.0,0.48742377000000003,4925.0,1316.0,3759.0,1.0,1.0,16.0,14.0,51.0,48.0,128.0,128.0,1.0,0.875,0.9411764705882353,1.0,121943.0,107665.0,9410.0,0.0,0.0,0.0,10000.0,0.0,0.0,0.0,0.0,0.0,0.0,0.0,0.0,0.0,0.0,0.0,0.0,0.0,10000.0,0.0,5858.40625,6446.083333333333,8480.125,9511.375,10000.0,0.0,0.0,0.0,1250.0,0.0,0.9530205,0.9576361,1.129487
3630000,138874215,1110993720,363000,0.9903777837753296,0.6596670150756836,0.5106257796287537,0.41729095578193665,1772.3376691401136,221.5422086425142,3928.4155390659103,392.841553906591,60.23520681404732,0.0068704686,1000.0,434.0,229.0,39.0,4619.812917084359,,57.2268,54.0,0.4867811700000001,5209.0,966.0,3825.0,1.0,1.0,16.0,15.0,38.0,37.0,90.0,88.0,1.0,0.9375,0.9736842105263158,0.9777777777777777,125099.0,110087.0,9431.0,0.0,0.0,0.0,10000.0,0.0,0.0,0.0,0.0,0.0,0.0,0.0,0.0,0.0,0.0,0.0,0.0,0.0,10000.0,0.0,5828.9375,6800.416666666667,8591.0,9384.5,10000.0,0.0,0.0,0.0,1250.0,0.0,0.8485774,0.9509602,1.1438651
3640000,139446483,1115571864,364000,0.990393340587616,0.6599699854850769,0.5103369355201721,0.4175505042076111,1772.565971176597,221.57074639707463,3871.800387180039,387.18003871800386,60.24296595646307,0.0067726457,1000.0,401.0,247.0,64.0,4608.82942443609,,51.0302,49.0,0.46469016999999996,5207.0,1532.0,3261.0,2.0,2.0,21.0,20.0,49.0,49.0,102.0,102.0,1.0,0.9523809523809523,1.0,1.0,125541.0,109639.0,8807.0,0.0,0.0,0.0,9998.0,0.0,0.0,0.0,0.0,0.0,0.0,0.0,0.0,0.0,0.0,0.0,2.0,0.0,9998.0,0.0,4871.84375,5998.125,7803.9375,9448.25,9999.0,0.0,0.0,0.125,1249.75,0.0,0.974887,1.0237597,1.1656816
3650000,139956785,1119654280,365000,0.994586169719696,0.6611279845237732,0.5120642781257629,0.41990575194358826,1824.543463687151,228.06793296089387,4469.27374301676,446.927374301676,62.00948881808448,0.006869736,1000.0,449.0,228.0,72.0,4652.158729936662,,55.8942,51.0,0.47038850000000004,5377.0,762.0,3861.0,1.0,1.0,20.0,17.0,47.0,46.0,105.0,104.0,1.0,0.85,0.9787234042553191,0.9904761904761905,132655.0,116320.0,9301.0,0.0,0.0,0.0,10000.0,0.0,0.0,0.0,0.0,0.0,0.0,0.0,0.0,0.0,0.0,0.0,0.0,0.0,10000.0,0.0,5750.34375,6500.375,8308.8125,9497.625,10000.0,0.0,0.0,0.0,1250.0,0.0,0.8684664,0.95672923,1.0843323
3660000,140515727,1124125816,366000,0.9922231435775757,0.6614900231361389,0.5100501179695129,0.41951894760131836,1795.7975903614456,224.4746987951807,4016.064257028112,401.60642570281124,61.032522828491565,0.0068545677,1000.0,405.0,261.0,52.0,4653.9062541795365,,51.6491,47.0,0.51554538,4669.0,1877.0,3454.0,1.0,1.0,15.0,12.0,44.0,43.0,97.0,96.0,1.0,0.8,0.9772727272727273,0.9896907216494846,130026.0,114415.0,8747.0,0.0,0.0,0.0,10000.0,0.0,0.0,0.0,0.0,0.0,0.0,0.0,0.0,0.0,0.0,0.0,0.0,0.0,10000.0,0.0,5158.4375,5890.375,7659.3125,9688.125,9998.0,0.0,0.0,0.0,1250.0,0.0,0.88856125,0.94845206,1.126578
3670000,141032218,1128257744,367000,0.9932823181152344,0.6635730266571045,0.5077713131904602,0.4228939116001129,1815.3454722968027,226.91818403710033,4393.458628264583,439.34586282645836,61.69688308650271,0.007073711,1000.0,431.0,244.0,53.0,4638.976364068013,,52.9929,49.0,0.47687352,5923.0,971.0,3106.0,1.0,1.0,17.0,15.0,48.0,47.0,87.0,87.0,1.0,0.8823529411764706,0.9791666666666666,1.0,129736.0,113573.0,9423.0,0.0,0.0,0.0,10000.0,0.0,0.0,0.0,0.0,0.0,0.0,0.0,0.0,0.0,0.0,0.0,0.0,0.0,10000.0,0.0,5153.9375,6273.166666666667,8114.75,9326.375,10000.0,0.0,0.0,0.0,1250.0,0.0,0.87005126,0.95929635,1.1798593
3680000,141562147,1132497176,368000,0.9976599812507629,0.6636819839477539,0.5105515718460083,0.424354612827301,1775.2652320576947,221.90815400721183,4187.507269977899,418.75072699778997,60.33470385734336,0.0067691505,1000.0,428.0,260.0,39.0,4611.363651834634,,58.5779,57.0,0.46196498,4732.0,767.0,4501.0,1.0,1.0,16.0,14.0,42.0,41.0,94.0,93.0,1.0,0.875,0.9761904761904762,0.9893617021276596,139889.0,122473.0,9423.0,0.0,0.0,0.0,10000.0,0.0,0.0,0.0,0.0,0.0,0.0,0.0,0.0,0.0,0.0,0.0,0.0,0.0,10000.0,0.0,6138.90625,6916.833333333333,8487.1875,9692.0,9999.0,0.0,0.0,0.0,1250.0,0.0,0.8739661,0.92644477,1.0734949
3690000,142147926,1137183408,369000,0.9993152618408203,0.6638929843902588,0.512065589427948,0.4243873059749603,1802.9747996152614,225.37184995190768,3847.386983007374,384.73869830073744,61.276449644063355,0.0068999156,1000.0,454.0,220.0,42.0,4591.717354521769,,49.0658,46.0,0.50200278,6261.0,936.0,2803.0,1.0,1.0,13.0,11.0,42.0,40.0,94.0,93.0,1.0,0.8461538461538461,0.9523809523809523,0.9893617021276596,121334.0,106165.0,8464.0,0.0,0.0,0.0,10000.0,0.0,0.0,0.0,0.0,0.0,0.0,0.0,0.0,0.0,0.0,0.0,0.0,0.0,10000.0,0.0,4749.09375,5551.083333333333,7472.1875,9488.25,10000.0,0.0,0.0,0.0,1250.0,0.0,0.95773035,1.0329248,1.1605024
3700000,142638584,1141108672,370000,0.997989296913147,0.6645320057868958,0.5109785199165344,0.4240078330039978,1847.9077285209887,230.9884660651236,4707.728520988623,470.7728520988623,62.803553825463794,0.0069525726,1000.0,436.0,235.0,49.0,4666.790873328381,,55.8127,51.0,0.45771024000000005,5040.0,1145.0,3815.0,2.0,2.0,24.0,23.0,63.0,63.0,125.0,125.0,1.0,0.9583333333333334,1.0,1.0,137617.0,120374.0,9414.0,0.0,0.0,0.0,9998.0,0.0,0.0,0.0,0.0,0.0,0.0,0.0,0.0,0.0,0.0,0.0,2.0,0.0,9998.0,0.0,5689.3125,6530.583333333333,8200.625,9766.125,9996.0,0.0,0.0,0.125,1249.75,0.0,0.91654783,1.0470319,1.1947104
3710000,143196711,1145573688,371000,1.0004314184188843,0.6636360287666321,0.511752724647522,0.42560213804244995,1801.0148571428572,225.12685714285715,4033.6134453781515,403.36134453781517,61.20983844337372,0.0068539926,1000.0,401.0,269.0,44.0,4596.777876410273,,54.2253,51.0,0.46561481000000005,4877.0,1773.0,3350.0,2.0,2.0,17.0,16.0,49.0,49.0,84.0,84.0,1.0,0.9411764705882353,1.0,1.0,137213.0,120348.0,9087.0,0.0,0.0,0.0,9999.0,0.0,0.0,0.0,0.0,0.0,0.0,0.0,0.0,0.0,0.0,0.0,0.0,0.0,9999.0,1.0,5398.09375,6457.333333333333,8249.375,9068.625,9999.0,0.0,0.0,0.0,1249.875,1.0,0.9801037,1.0326637,1.1911393
3720000,143738964,1149911712,372000,1.0047268867492676,0.6638699769973755,0.5142224431037903,0.427298367023468,1871.6306807286674,233.95383509108342,4314.477468839885,431.4477468839885,63.609809290971434,0.006823811,1000.0,459.0,243.0,44.0,4625.408037583804,,54.3541,51.0,0.44370029000000005,6177.0,695.0,3128.0,1.0,1.0,8.0,7.0,28.0,27.0,61.0,60.0,1.0,0.875,0.9642857142857143,0.9836065573770492,134124.0,117781.0,9551.0,0.0,0.0,0.0,10000.0,0.0,0.0,0.0,0.0,0.0,0.0,0.0,0.0,0.0,0.0,0.0,0.0,0.0,10000.0,0.0,5511.34375,6195.916666666667,8213.3125,9632.875,10000.0,0.0,0.0,0.0,1250.0,0.0,0.944312,1.0188602,1.2089276
3730000,144282505,1154260040,373000,1.0079749822616577,0.6642619967460632,0.5155957937240601,0.4291189908981323,1834.952619856992,229.369077482124,4219.903879967178,421.99038799671786,62.36325756405617,0.0067175683,1000.0,451.0,240.0,34.0,4657.84280528199,,56.4873,53.0,0.47731239000000003,5142.0,951.0,3907.0,3.0,2.0,20.0,16.0,43.0,41.0,76.0,74.0,0.6666666666666666,0.8,0.9534883720930233,0.9736842105263158,137869.0,120973.0,9442.0,2.0,0.0,0.0,9997.0,0.0,0.0,0.0,0.0,0.0,0.0,0.0,0.0,0.0,0.0,0.0,1.0,0.0,9999.0,0.0,5922.34375,6526.666666666667,8226.3125,9637.125,10000.0,0.0,0.0,0.0625,1249.875,0.0,0.9699986,1.0323336,1.1927333
3740000,144847378,1158779024,374000,1.006575107574463,0.6637740135192871,0.5139753222465515,0.4293574094772339,1853.730902461258,231.71636280765725,4102.096627164995,410.20966271649957,63.00146198524266,0.006859056,1000.0,447.0,236.0,50.0,4649.410659312119,,58.4342,53.0,0.48565659000000005,4776.0,928.0,4296.0,2.0,2.0,9.0,8.0,34.0,33.0,62.0,61.0,1.0,0.8888888888888888,0.9705882352941176,0.9838709677419355,134740.0,119141.0,9737.0,0.0,0.0,0.0,9999.0,0.0,0.0,0.0,0.0,0.0,0.0,0.0,0.0,0.0,0.0,0.0,0.0,0.0,9999.0,1.0,6329.59375,6766.375,8239.75,9695.75,10000.0,0.0,0.0,0.0,1249.875,1.0,0.9497635,1.052102,1.1922349
3750000,145431720,1163453760,375000,1.00472891330719,0.6645519733428955,0.5112009644508362,0.43030399084091187,1759.0728127939792,219.8841015992474,3762.9350893697083,376.2935089369708,59.78438337375127,0.0067606075,1000.0,430.0,208.0,45.0,4675.030362614023,,56.042,53.0,0.46765133999999997,4228.0,1438.0,4334.0,1.0,1.0,11.0,11.0,30.0,30.0,68.0,68.0,1.0,1.0,1.0,1.0,139454.0,122782.0,9016.0,0.0,0.0,0.0,10000.0,0.0,0.0,0.0,0.0,0.0,0.0,0.0,0.0,0.0,0.0,0.0,0.0,0.0,10000.0,0.0,5719.40625,6583.125,8309.0,9557.5,10000.0,0.0,0.0,0.0,1250.0,0.0,0.9160466,0.99910486,1.1293539
3760000,145992140,1167937120,376000,1.0055091381072998,0.6641619801521301,0.5118045806884766,0.43050768971443176,1828.4916732751783,228.5614591593973,4078.3958309731506,407.839583097315,62.14367386939889,0.006702599,1000.0,463.0,208.0,47.0,4635.138603340807,,55.417,51.0,0.4571471599999999,4956.0,1080.0,3964.0,1.0,1.0,18.0,15.0,44.0,41.0,80.0,79.0,1.0,0.8333333333333334,0.9318181818181818,0.9875,132802.0,117089.0,9058.0,0.0,0.0,0.0,10000.0,0.0,0.0,0.0,0.0,0.0,0.0,0.0,0.0,0.0,0.0,0.0,0.0,0.0,10000.0,0.0,5698.65625,6421.958333333333,8208.9375,9542.875,10000.0,0.0,0.0,0.0,1250.0,0.0,0.9694623,1.0732094,1.2541461
3770000,146546310,1172370480,377000,1.0036238431930542,0.6637139916419983,0.5106815099716187,0.42983928322792053,1856.2568039078856,232.0321004884857,4187.020237264481,418.70202372644803,63.087308039681794,0.006803119,1000.0,456.0,194.0,22.0,4665.57497643739,,57.4588,55.0,0.45109606,4587.0,1070.0,4343.0,1.0,1.0,10.0,9.0,44.0,43.0,100.0,99.0,1.0,0.9,0.9772727272727273,0.99,140394.0,123098.0,9526.0,0.0,0.0,0.0,10000.0,0.0,0.0,0.0,0.0,0.0,0.0,0.0,0.0,0.0,0.0,0.0,0.0,0.0,10000.0,0.0,6088.71875,6701.166666666667,8253.0,9609.125,10000.0,0.0,0.0,0.0,1250.0,0.0,0.9518472,1.025324,1.1986508
3780000,147120898,1176967184,378000,1.0019522905349731,0.6651440262794495,0.5097571015357971,0.42922234535217285,1819.8762124711318,227.48452655889147,3959.0894094358296,395.908940943583,61.85086619941247,0.0066575734,1000.0,404.0,229.0,42.0,4588.096018002881,,55.1793,53.0,0.45270879999999997,4785.0,1219.0,3996.0,1.0,1.0,9.0,8.0,28.0,27.0,66.0,64.0,1.0,0.8888888888888888,0.9642857142857143,0.9696969696969697,139306.0,121869.0,8768.0,0.0,0.0,0.0,10000.0,0.0,0.0,0.0,0.0,0.0,0.0,0.0,0.0,0.0,0.0,0.0,0.0,0.0,10000.0,0.0,5755.28125,6515.0,7925.5,9307.0,10000.0,0.0,0.0,0.0,1250.0,0.0,0.89138746,0.9916034,1.1312535
3790000,147672691,1181381528,379000,1.0100021362304688,0.6636959910392761,0.5133825540542603,0.433737188577652,1807.9224573378838,225.99030716723547,4095.5631399317404,409.556313993174,61.44460224351235,0.0067590685,1000.0,410.0,255.0,58.0,4677.577048345653,,59.0859,56.0,0.4564583199999999,4410.0,1193.0,4397.0,1.0,1.0,13.0,12.0,47.0,46.0,111.0,110.0,1.0,0.9230769230769231,0.9787234042553191,0.990990990990991,143521.0,124589.0,9669.0,0.0,0.0,0.0,10000.0,0.0,0.0,0.0,0.0,0.0,0.0,0.0,0.0,0.0,0.0,0.0,0.0,0.0,10000.0,0.0,6251.21875,6970.708333333333,8520.3125,9649.75,10000.0,0.0,0.0,0.0,1250.0,0.0,0.9246861,1.0195835,1.1801629
3800000,148263550,1186108400,380000,1.006787896156311,0.6645609736442566,0.5123191475868225,0.43165403604507446,1832.5155287529615,229.06444109412018,3876.803790652595,387.68037906525956,62.28042984491889,0.006802113,1000.0,456.0,197.0,62.0,4642.902109457455,,51.0995,47.0,0.45270674,5437.0,1285.0,3278.0,6.0,5.0,51.0,49.0,107.0,104.0,180.0,179.0,0.8333333333333334,0.9607843137254902,0.9719626168224299,0.9944444444444445,126095.0,110014.0,8379.0,0.0,0.0,0.0,9815.0,0.0,0.0,0.0,0.0,0.0,0.0,0.0,0.0,1.0,1.0,169.0,14.0,0.0,9815.0,0.0,4931.78125,5833.416666666667,7863.3125,9671.5,9991.0,0.0,0.041666666666666664,11.5,1226.875,0.0,0.9122134,1.0126836,1.1663654
3810000,148774545,1190196360,381000,1.009453296661377,0.6640220284461975,0.513439416885376,0.43320778012275696,1753.4440605266295,219.1805075658287,4289.288692958418,428.9288692958418,59.59308288805243,0.0066482807,1000.0,421.0,239.0,36.0,4622.791103830024,,60.1462,68.0,0.4458647799999999,3903.0,1166.0,4931.0,3.0,3.0,34.0,30.0,79.0,77.0,136.0,134.0,1.0,0.8823529411764706,0.9746835443037974,0.9852941176470589,144213.0,126247.0,9391.0,0.0,0.0,0.0,9977.0,0.0,0.0,0.0,0.0,0.0,0.0,0.0,0.0,0.0,0.0,22.0,1.0,0.0,9977.0,0.0,6560.15625,7051.541666666667,8530.4375,9476.75,9999.0,0.0,0.0,1.4375,1247.125,0.0,0.9631242,1.0348643,1.2290239
3820000,149376007,1195008056,382000,1.001967430114746,0.6641749739646912,0.5085102319717407,0.43067479133605957,1868.8214046822743,233.6026755852843,3883.914122343295,388.3914122343295,63.514332381238795,0.0068564094,1000.0,442.0,216.0,40.0,4665.240526941033,,57.5297,54.0,0.43952873,4495.0,1275.0,4230.0,2.0,2.0,14.0,12.0,38.0,38.0,107.0,107.0,1.0,0.8571428571428571,1.0,1.0,141115.0,123160.0,9601.0,0.0,0.0,0.0,9999.0,0.0,0.0,0.0,0.0,0.0,0.0,0.0,0.0,0.0,0.0,1.0,0.0,0.0,9999.0,0.0,6078.0625,6758.708333333333,8311.6875,9450.375,10000.0,0.0,0.0,0.0625,1249.875,0.0,0.9183595,1.0298243,1.1757531
3830000,149951304,1199610432,383000,0.9975379109382629,0.6642590165138245,0.5054852962493896,0.4294569492340088,1838.2950848773992,229.7868856096749,3994.230555863752,399.4230555863752,62.4768555963491,0.0067272317,1000.0,432.0,247.0,64.0,4703.296404389518,,59.4279,61.0,0.43532482999999994,4366.0,979.0,4655.0,1.0,1.0,16.0,15.0,46.0,44.0,115.0,112.0,1.0,0.9375,0.9565217391304348,0.9739130434782609,142944.0,124773.0,9492.0,0.0,0.0,0.0,10000.0,0.0,0.0,0.0,0.0,0.0,0.0,0.0,0.0,0.0,0.0,0.0,0.0,0.0,10000.0,0.0,6375.25,6989.125,8446.0,9674.75,9998.0,0.0,0.0,0.0,1250.0,0.0,0.85428005,0.9381373,1.1481146
3840000,150545583,1204364664,384000,0.9938674569129944,0.6646999716758728,0.5027855038642883,0.42870497703552246,1799.7092744479496,224.9636593059937,3785.4889589905365,378.54889589905366,61.16546651300745,0.00683364,1000.0,447.0,206.0,44.0,4605.4967030693615,,56.9623,53.0,0.43853153999999994,4883.0,1061.0,4056.0,4.0,4.0,28.0,25.0,61.0,60.0,116.0,115.0,1.0,0.8928571428571429,0.9836065573770492,0.9913793103448276,137805.0,121172.0,9478.0,0.0,0.0,0.0,9960.0,0.0,0.0,0.0,0.0,0.0,0.0,0.0,0.0,0.0,1.0,0.0,4.0,0.0,9960.0,35.0,5997.03125,6603.916666666667,8351.3125,9450.5,9999.0,0.0,0.0,0.3125,1245.0,35.0,0.87908894,1.0011125,1.2079595
3850000,151115206,1208921648,385000,0.9929165244102478,0.6643980145454407,0.5022614598274231,0.4284033179283142,1808.3269841269841,226.04087301587302,3968.253968253968,396.8253968253968,61.45835061394286,0.0067237588,1000.0,436.0,229.0,57.0,4705.2287063642725,,44.5815,39.0,0.44511984999999993,6405.0,975.0,2620.0,6.0,6.0,50.0,47.0,98.0,96.0,165.0,165.0,1.0,0.94,0.9795918367346939,1.0,108185.0,95569.0,6344.0,0.0,0.0,0.0,9907.0,0.0,0.0,0.0,0.0,0.0,1.0,0.0,0.0,1.0,0.0,0.0,83.0,6.0,9907.0,2.0,4126.34375,5266.666666666667,6619.75,8932.25,9998.0,0.0,0.08333333333333333,5.1875,1239.125,2.0,0.89513594,0.96046,1.2528182
3860000,151561021,1212488168,386000,0.9818867444992065,0.6631150245666504,0.5003681182861328,0.4195067584514618,1785.2436040044493,223.15545050055616,5005.561735261402,500.5561735261401,60.67383183975083,0.007022355,1000.0,434.0,208.0,57.0,4660.7827651722255,,58.7316,56.0,0.45674839,4633.0,868.0,4499.0,3.0,3.0,20.0,18.0,60.0,58.0,111.0,110.0,1.0,0.9,0.9666666666666667,0.990990990990991,133702.0,117009.0,9444.0,0.0,0.0,0.0,9987.0,0.0,0.0,0.0,0.0,0.0,0.0,0.0,0.0,0.0,0.0,0.0,12.0,1.0,9987.0,0.0,6367.90625,6837.708333333333,8377.875,9424.125,9999.0,0.0,0.0,0.75,1248.5,0.0,0.9732363,1.0049617,1.1677982
3870000,152148337,1217186696,387000,0.9768224358558655,0.6642950177192688,0.49730703234672546,0.41771987080574036,1766.5483864229764,220.81854830287205,3759.7911227154045,375.97911227154043,60.03845049168075,0.0066646105,1000.0,454.0,194.0,68.0,4681.4446535561065,,63.0948,81.0,0.48237529999999995,3830.0,888.0,5282.0,4.0,3.0,39.0,34.0,75.0,73.0,123.0,122.0,0.75,0.8717948717948718,0.9733333333333334,0.991869918699187,148969.0,131064.0,9678.0,0.0,0.0,0.0,9945.0,0.0,0.0,0.0,0.0,0.0,0.0,0.0,0.0,0.0,0.0,0.0,54.0,0.0,9945.0,1.0,6948.34375,7559.041666666667,8721.9375,9704.375,9998.0,0.0,0.0,3.375,1243.125,1.0,0.8907532,1.0110673,1.1721232
3880000,152779285,1222234280,388000,0.9718762636184692,0.6629970073699951,0.4958763122558594,0.4145866632461548,1820.0423076923078,227.50528846153847,3605.7692307692305,360.57692307692304,61.85651116209231,0.006750881,1000.0,437.0,207.0,44.0,4632.252974903737,,58.1044,55.0,0.4896751200000001,4520.0,1200.0,4280.0,5.0,3.0,25.0,21.0,65.0,63.0,137.0,135.0,0.6,0.84,0.9692307692307692,0.9854014598540146,141641.0,124589.0,9628.0,2.0,0.0,0.0,9989.0,0.0,0.0,0.0,0.0,0.0,0.0,0.0,0.0,0.0,0.0,0.0,7.0,0.0,9991.0,2.0,6125.15625,6805.583333333333,8404.0,9655.125,10000.0,0.0,0.0,0.4375,1248.875,2.0,0.9649037,1.0209078,1.2130944
3890000,153360329,1226882632,389000,0.9653686881065369,0.6642299890518188,0.49207383394241333,0.4121564030647278,1867.6414285714286,233.45517857142858,4017.8571428571427,401.7857142857143,63.47422935442286,0.0067507885,1000.0,411.0,215.0,57.0,4623.620307641465,,54.9935,53.0,0.4785071,4444.0,1483.0,4073.0,5.0,3.0,24.0,18.0,48.0,43.0,98.0,97.0,0.6,0.75,0.8958333333333334,0.9897959183673469,132735.0,116704.0,8713.0,23.0,0.0,0.0,9972.0,0.0,0.0,0.0,0.0,0.0,0.0,0.0,0.0,0.0,0.0,0.0,4.0,1.0,9995.0,0.0,5713.875,6331.083333333333,8059.6875,9524.0,9998.0,0.0,0.0,0.25,1249.5,0.0,0.9091481,0.990419,1.170651
3900000,153910264,1231282112,390000,0.9638545513153076,0.664454996585846,0.4894712567329407,0.4135383367538452,1790.2258392675485,223.77822990844356,4069.175991861648,406.9175991861648,60.84315960200204,0.006591966,1000.0,457.0,193.0,44.0,4661.534055519139,,60.2824,81.0,0.43999180000000004,4295.0,608.0,5097.0,1.0,1.0,22.0,19.0,42.0,40.0,102.0,102.0,1.0,0.8636363636363636,0.9523809523809523,1.0,146044.0,127951.0,9284.0,0.0,0.0,0.0,10000.0,0.0,0.0,0.0,0.0,0.0,0.0,0.0,0.0,0.0,0.0,0.0,0.0,0.0,10000.0,0.0,6581.15625,7160.75,8346.4375,9603.625,9997.0,0.0,0.0,0.0,1250.0,0.0,0.89847136,1.0105554,1.1653011
3910000,154513088,1236104704,391000,0.9549232125282288,0.6644719839096069,0.484896719455719,0.40932366251945496,1797.4253235324566,224.67816544155707,3727.0939020602545,372.70939020602543,61.08784346287242,0.006682454,1000.0,431.0,214.0,42.0,4661.813173180616,,59.8675,58.0,0.43968950999999995,4575.0,925.0,4500.0,3.0,3.0,24.0,20.0,56.0,55.0,105.0,102.0,1.0,0.8333333333333334,0.9821428571428571,0.9714285714285714,139643.0,122220.0,9681.0,0.0,0.0,0.0,9996.0,0.0,0.0,0.0,0.0,0.0,0.0,0.0,0.0,0.0,0.0,0.0,3.0,1.0,9996.0,0.0,6480.65625,7071.75,8448.0,9550.875,9997.0,0.0,0.0,0.1875,1249.625,0.0,0.85376155,1.0350586,1.254257
3920000,155111763,1240894104,392000,0.9485592246055603,0.6651719808578491,0.48192280530929565,0.4063290059566498,1819.5272266779232,227.4409033347404,3799.0713381173496,379.9071338117349,61.83900546215281,0.0065890816,1000.0,429.0,197.0,39.0,4644.819110826605,,63.0638,81.0,0.45855153,3666.0,1088.0,5246.0,1.0,1.0,17.0,14.0,44.0,43.0,84.0,83.0,1.0,0.8235294117647058,0.9772727272727273,0.9880952380952381,137901.0,121015.0,9700.0,0.0,0.0,0.0,10000.0,0.0,0.0,0.0,0.0,0.0,0.0,0.0,0.0,0.0,0.0,0.0,0.0,0.0,10000.0,0.0,7019.4375,7495.291666666667,8671.6875,9673.0,9998.0,0.0,0.0,0.0,1250.0,0.0,0.87454015,0.9709388,1.2330438
3930000,155742401,1245939208,393000,0.9449441432952881,0.6653439998626709,0.47964727878570557,0.40536513924598694,1774.189156979584,221.773644622448,3516.6552700986617,351.6655270098662,60.29813204261186,0.0066381115,1000.0,439.0,205.0,46.0,4661.524500861774,,56.5037,51.0,0.47565362000000005,4707.0,1409.0,3884.0,1.0,1.0,21.0,19.0,55.0,53.0,129.0,127.0,1.0,0.9047619047619048,0.9636363636363636,0.9844961240310077,132999.0,116219.0,9408.0,0.0,0.0,0.0,10000.0,0.0,0.0,0.0,0.0,0.0,0.0,0.0,0.0,0.0,0.0,0.0,0.0,0.0,10000.0,0.0,5869.4375,6652.333333333333,8295.0,9355.125,9998.0,0.0,0.0,0.0,1250.0,0.0,0.9972218,1.0525309,1.2759914
3940000,156307438,1250459504,394000,0.9418628811836243,0.6637849807739258,0.4766949713230133,0.40567895770072937,1793.1752727272726,224.14690909090908,3966.9421487603304,396.694214876033,60.943399944192,0.0066350154,1000.0,413.0,210.0,28.0,4669.735897127165,,59.24,61.0,0.4888508900000001,3926.0,1250.0,4824.0,5.0,4.0,40.0,34.0,87.0,84.0,165.0,163.0,0.8,0.85,0.9655172413793104,0.9878787878787879,142321.0,124624.0,9389.0,8.0,0.0,0.0,9973.0,0.0,0.0,0.0,0.0,0.0,0.0,0.0,0.0,0.0,0.0,0.0,17.0,1.0,9981.0,1.0,6397.34375,6911.5,8457.125,9561.875,10000.0,0.0,0.0,1.0625,1247.75,1.0,0.99906844,1.0397844,1.2111422
3950000,156899838,1255198704,395000,0.940836489200592,0.664792001247406,0.4754675626754761,0.40611597895622253,1841.0618323081903,230.1327290385238,3884.7523470378765,388.47523470378763,62.57088711562319,0.006669816,1000.0,418.0,192.0,39.0,4627.275991587005,,63.2358,81.0,0.46701112999999994,3788.0,882.0,5330.0,4.0,3.0,25.0,21.0,52.0,51.0,121.0,120.0,0.75,0.84,0.9807692307692307,0.9917355371900827,151415.0,132246.0,9801.0,15.0,0.0,0.0,9979.0,0.0,0.0,0.0,0.0,0.0,0.0,0.0,0.0,0.0,0.0,0.0,4.0,0.0,9994.0,2.0,6958.9375,7549.625,8775.75,9758.625,10000.0,0.0,0.0,0.25,1249.25,2.0,0.9506305,1.0622699,1.3073415
3960000,157532196,1260257568,396000,0.9365628361701965,0.664900004863739,0.4730302095413208,0.4044336676597595,1825.7554285714284,228.21942857142855,3609.022556390977,360.90225563909775,62.05067902507886,0.0065442873,1000.0,410.0,221.0,42.0,4627.927937112172,,58.55,59.0,0.49783484,4674.0,658.0,4668.0,4.0,3.0,30.0,22.0,61.0,58.0,112.0,109.0,0.75,0.7333333333333333,0.9508196721311475,0.9732142857142857,138223.0,121175.0,9095.0,11.0,0.0,0.0,9982.0,0.0,0.0,0.0,0.0,0.0,0.0,0.0,0.0,0.0,0.0,0.0,1.0,0.0,9993.0,6.0,6342.28125,6826.708333333333,8263.0,9563.375,9991.0,0.0,0.0,0.0625,1249.125,6.0,0.9411786,1.081024,1.2524636
3970000,158117696,1264941568,397000,0.925666868686676,0.6634209752082825,0.4687090814113617,0.39824536442756653,1755.768429820908,219.4710537276135,3748.438150770512,374.8438150770512,59.672079609496045,0.006541075,1000.0,434.0,216.0,26.0,4683.690948245012,,62.5004,81.0,0.47539669,3744.0,658.0,5598.0,3.0,2.0,26.0,20.0,48.0,46.0,111.0,108.0,0.6666666666666666,0.7692307692307693,0.9583333333333334,0.972972972972973,138302.0,121834.0,9628.0,4.0,0.0,0.0,9972.0,0.0,0.0,0.0,0.0,0.0,0.0,0.0,0.0,0.0,0.0,0.0,0.0,0.0,9976.0,24.0,6955.21875,7348.541666666667,8629.25,9750.875,9997.0,0.0,0.0,0.0,1247.0,24.0,0.94218385,1.0368153,1.2974668
3980000,158742700,1269941600,398000,0.9223670959472656,0.6616770029067993,0.4672178626060486,0.3968609869480133,1812.152944729689,226.5191180912111,3624.282694050136,362.42826940501357,61.5883808740784,0.006798656,1000.0,433.0,209.0,35.0,4657.274520696993,,60.6299,81.0,0.45773656,4086.0,683.0,5231.0,2.0,2.0,14.0,13.0,37.0,37.0,80.0,80.0,1.0,0.9285714285714286,1.0,1.0,137079.0,120887.0,8828.0,0.0,0.0,0.0,9995.0,0.0,0.0,0.0,0.0,0.0,0.0,0.0,0.0,0.0,0.0,0.0,0.0,0.0,9995.0,5.0,6647.15625,7003.625,8596.3125,9745.375,9999.0,0.0,0.0,0.0,1249.375,5.0,0.9657998,1.0280508,1.2160709
3990000,159348999,1274791992,399000,0.9159507155418396,0.6628599762916565,0.46430477499961853,0.3936691880226135,1796.2566814113775,224.53208517642219,3703.3227034255733,370.3322703425573,61.048125636478225,0.0064481897,1000.0,428.0,186.0,46.0,4651.220289843773,,61.2408,81.0,0.4294429,3718.0,538.0,5744.0,1.0,1.0,19.0,17.0,44.0,44.0,79.0,79.0,1.0,0.8947368421052632,1.0,1.0,128994.0,114713.0,8832.0,0.0,0.0,0.0,10000.0,0.0,0.0,0.0,0.0,0.0,0.0,0.0,0.0,0.0,0.0,0.0,0.0,0.0,10000.0,0.0,6777.625,7237.833333333333,8489.875,9497.25,10000.0,0.0,0.0,0.0,1250.0,0.0,0.9620933,1.0521373,1.1930484
4000000,159961407,1279691256,400000,0.9114341735839844,0.6626089811325073,0.46289312839508057,0.39083683490753174,1786.0608,223.2576,3645.569620253165,364.55696202531647,60.7016053112832,0.0066151517,1000.0,415.0,187.0,34.0,4640.058440754516,,61.9008,64.0,0.44474276999999995,4063.0,1102.0,4835.0,3.0,2.0,23.0,20.0,47.0,46.0,88.0,85.0,0.6666666666666666,0.8695652173913043,0.9787234042553191,0.9659090909090909,130882.0,115301.0,9601.0,1.0,0.0,0.0,9998.0,0.0,0.0,0.0,0.0,0.0,0.0,0.0,0.0,0.0,0.0,0.0,0.0,0.0,9999.0,1.0,6665.15625,7398.916666666667,8759.125,9750.875,9996.0,0.0,0.0,0.0,1249.875,1.0,0.912603,0.9989675,1.2413945
4010000,160580415,1284643320,401000,0.9095737338066101,0.6630409955978394,0.4613424241542816,0.3908270299434662,1777.2336157910477,222.15420197388096,3588.87448908384,358.88744890838404,60.40160194529375,0.0065968162,1000.0,425.0,170.0,35.0,4610.4778396400625,,51.0797,45.0,0.47684573,5731.0,979.0,3290.0,6.0,5.0,17.0,15.0,45.0,44.0,98.0,97.0,0.8333333333333334,0.8823529411764706,0.9777777777777777,0.9897959183673469,113940.0,101083.0,7400.0,0.0,0.0,0.0,9991.0,0.0,0.0,0.0,0.0,0.0,0.0,0.0,1.0,0.0,1.0,0.0,6.0,0.0,9991.0,1.0,4894.03125,5746.291666666667,8147.0,9490.625,10000.0,0.0,0.041666666666666664,0.4375,1248.875,1.0,0.99280876,1.018421,1.2001933
4020000,161091212,1288729696,402000,0.9053195118904114,0.6643249988555908,0.45900213718414307,0.38908451795578003,1784.8766804173745,223.1095850521718,4367.871875758311,436.7871875758311,60.66136146317574,0.0067062555,1000.0,432.0,186.0,29.0,4591.502103264,,62.7747,81.0,0.4524601200000001,3920.0,865.0,5215.0,1.0,1.0,10.0,8.0,41.0,40.0,80.0,80.0,1.0,0.8,0.975609756097561,1.0,143057.0,125552.0,9818.0,0.0,0.0,0.0,10000.0,0.0,0.0,0.0,0.0,0.0,0.0,0.0,0.0,0.0,0.0,0.0,0.0,0.0,10000.0,0.0,6969.65625,7429.041666666667,8742.25,9568.125,10000.0,0.0,0.0,0.0,1250.0,0.0,0.87775743,0.9496989,1.167418
4030000,161718959,1293751672,403000,0.9013805389404297,0.6636070013046265,0.45723631978034973,0.38720181584358215,1751.8520930232557,218.98151162790697,3488.3720930232557,348.83720930232556,59.53897779652465,0.006715068,1000.0,411.0,191.0,42.0,4655.9330039874,,66.2122,81.0,0.45468477999999996,2924.0,776.0,6300.0,2.0,1.0,19.0,16.0,51.0,50.0,106.0,106.0,0.5,0.8421052631578947,0.9803921568627451,1.0,147874.0,129882.0,9891.0,2.0,0.0,0.0,9998.0,0.0,0.0,0.0,0.0,0.0,0.0,0.0,0.0,0.0,0.0,0.0,0.0,0.0,10000.0,0.0,7481.65625,8021.083333333333,8911.375,9703.5,9993.0,0.0,0.0,0.0,1250.0,0.0,0.9159267,0.99720216,1.18083
4040000,162381081,1299048648,404000,0.8939383029937744,0.6655809879302979,0.4527569115161896,0.3844735622406006,1814.896126391929,226.86201579899114,3426.287237080042,342.62872370800415,61.68161147997853,0.0067331796,1000.0,416.0,189.0,23.0,4602.345352318986,,66.5562,81.0,0.44487523,2638.0,824.0,6538.0,3.0,3.0,22.0,20.0,62.0,61.0,105.0,103.0,1.0,0.9090909090909091,0.9838709677419355,0.9809523809523809,149749.0,131720.0,9678.0,0.0,0.0,0.0,9996.0,0.0,1.0,0.0,0.0,0.0,0.0,0.0,0.0,0.0,0.0,0.0,3.0,0.0,9996.0,0.0,7541.9375,8059.208333333333,8971.5,9657.0,9999.0,0.03125,0.0,0.1875,1249.5,0.0,0.91167915,0.99579877,1.1328408
4050000,163046643,1304373144,405000,0.8907416462898254,0.6651880145072937,0.4510462284088135,0.38336509466171265,1774.832,221.854,3333.3333333333335,333.3333333333333,60.319979900928004,0.0064202757,1000.0,436.0,184.0,45.0,4638.833159410718,,64.7759,81.0,0.44302163999999994,3349.0,647.0,6004.0,1.0,1.0,13.0,12.0,51.0,50.0,117.0,114.0,1.0,0.9230769230769231,0.9803921568627451,0.9743589743589743,147142.0,129247.0,9834.0,0.0,0.0,0.0,10000.0,0.0,0.0,0.0,0.0,0.0,0.0,0.0,0.0,0.0,0.0,0.0,0.0,0.0,10000.0,0.0,7260.8125,7780.5,8814.0625,9707.0,10000.0,0.0,0.0,0.0,1250.0,0.0,1.0055641,1.0785913,1.2283047
4060000,163694402,1309555216,406000,0.8842282891273499,0.6656699776649475,0.44851383566856384,0.3796815574169159,1816.5004089581305,227.0625511197663,3505.355404089581,350.5355404089581,61.73613511497535,0.0064111273,1000.0,428.0,166.0,24.0,4626.703732637771,,65.1299,81.0,0.43623794,3241.0,645.0,6114.0,3.0,2.0,23.0,19.0,62.0,59.0,123.0,120.0,0.6666666666666666,0.8260869565217391,0.9516129032258065,0.975609756097561,146449.0,129170.0,9774.0,26.0,0.0,0.0,9969.0,0.0,0.0,0.0,0.0,0.0,0.0,0.0,0.0,0.0,0.0,0.0,5.0,0.0,9995.0,0.0,7329.78125,7818.666666666667,8828.0625,9731.625,9996.0,0.0,0.0,0.3125,1249.375,0.0,0.9851263,1.0639743,1.2366962
4070000,164345701,1314765608,407000,0.8764430284500122,0.667477011680603,0.4460449814796448,0.3746896982192993,1800.4810136302553,225.06012670378192,3455.5576886158574,345.55576886158576,61.191695075466,0.0065276595,1000.0,434.0,136.0,28.0,4634.927693895952,,66.9084,81.0,0.42167281,2850.0,672.0,6478.0,3.0,2.0,17.0,14.0,44.0,43.0,90.0,89.0,0.6666666666666666,0.8235294117647058,0.9772727272727273,0.9888888888888889,153586.0,135618.0,9815.0,4.0,0.0,0.0,9994.0,0.0,0.0,0.0,0.0,0.0,0.0,0.0,0.0,0.0,0.0,0.0,2.0,0.0,9998.0,0.0,7572.53125,8166.833333333333,8901.25,9792.75,9997.0,0.0,0.0,0.125,1249.75,0.0,0.892339,1.0011754,1.2209892
4080000,165014785,1320118280,408000,0.8732441067695618,0.667792022228241,0.4444708228111267,0.37327682971954346,1796.7010909090911,224.5876363636364,3356.6433566433566,335.6643356643357,61.06322947276801,0.006496425,1000.0,413.0,200.0,37.0,4633.9712707312165,,66.8479,81.0,0.45187862000000006,2957.0,669.0,6374.0,1.0,1.0,10.0,8.0,37.0,36.0,76.0,76.0,1.0,0.8,0.972972972972973,1.0,145740.0,129460.0,9818.0,0.0,0.0,0.0,10000.0,0.0,0.0,0.0,0.0,0.0,0.0,0.0,0.0,0.0,0.0,0.0,0.0,0.0,10000.0,0.0,7623.90625,8014.958333333333,9002.625,9764.125,10000.0,0.0,0.0,0.0,1250.0,0.0,0.9390198,1.0416234,1.210283
4090000,165683264,1325466112,409000,0.8636510372161865,0.6693199872970581,0.438995897769928,0.36947667598724365,1799.606954570948,224.9508693213685,3365.1149747616378,336.51149747616375,61.161989038562425,0.006404669,1000.0,416.0,184.0,38.0,4600.233931974155,,63.0965,81.0,0.4760606100000001,3790.0,695.0,5515.0,8.0,4.0,68.0,60.0,129.0,126.0,197.0,196.0,0.5,0.8823529411764706,0.9767441860465116,0.9949238578680203,139267.0,123442.0,9688.0,32.0,0.0,0.0,9736.0,0.0,0.0,0.0,0.0,0.0,0.0,0.0,0.0,0.0,210.0,14.0,0.0,0.0,9768.0,8.0,6979.125,7559.458333333333,8654.3125,9718.5,9989.0,0.0,0.0,14.0,1221.0,8.0,0.9405133,1.051535,1.2709423
4100000,166314229,1330513832,410000,0.8625544309616089,0.6694409847259521,0.4381316602230072,0.3694877624511719,1813.190181600479,226.64877270005988,3592.0973857513472,359.20973857513474,61.623632721689084,0.006407006,1000.0,413.0,173.0,22.0,4664.221329331269,,66.5175,81.0,0.46779735999999994,2714.0,801.0,6485.0,11.0,7.0,35.0,32.0,73.0,73.0,105.0,105.0,0.6363636363636364,0.9142857142857143,1.0,1.0,141510.0,126132.0,9584.0,18.0,0.0,0.0,9953.0,0.0,0.0,0.0,0.0,0.0,0.0,0.0,1.0,2.0,13.0,3.0,8.0,2.0,9971.0,0.0,7559.125,8029.375,8898.0,9776.25,10000.0,0.0,0.125,1.5,1246.625,0.0,1.028366,1.1132945,1.2889197
4110000,166979404,1335835232,411000,0.8593922853469849,0.6694639921188354,0.43751800060272217,0.36723095178604126,1784.2078792958928,223.0259849119866,3352.891869237217,335.28918692372173,60.63863138494552,0.006502112,1000.0,419.0,183.0,44.0,4604.285639135776,,69.1105,81.0,0.44143788000000006,2169.0,813.0,7018.0,7.0,6.0,76.0,72.0,172.0,169.0,270.0,269.0,0.8571428571428571,0.9473684210526315,0.9825581395348837,0.9962962962962963,143165.0,126687.0,9956.0,2.0,0.0,0.0,9634.0,0.0,0.0,0.0,0.0,0.0,0.0,22.0,0.0,0.0,337.0,2.0,2.0,0.0,9636.0,1.0,7980.59375,8364.541666666666,9159.3125,9805.25,9986.0,0.0,0.9166666666666666,21.3125,1204.5,1.0,0.8837983,0.99589604,1.2471766
4120000,167670509,1341364072,412000,0.8550785183906555,0.669215977191925,0.4360068440437317,0.36473479866981506,1793.6220600162208,224.2027575020276,3244.1200324412002,324.41200324412006,60.95858459281752,0.0066477847,1000.0,401.0,181.0,30.0,4610.951858580479,,64.8315,81.0,0.40579521999999996,3030.0,1019.0,5951.0,6.0,5.0,23.0,20.0,53.0,52.0,86.0,85.0,0.8333333333333334,0.8695652173913043,0.9811320754716981,0.9883720930232558,137069.0,121527.0,9835.0,5.0,0.0,0.0,9968.0,0.0,0.0,0.0,0.0,0.0,0.0,1.0,0.0,0.0,22.0,0.0,1.0,0.0,9973.0,3.0,7259.71875,7787.916666666667,8808.3125,9770.25,9999.0,0.0,0.041666666666666664,1.4375,1246.625,3.0,0.9328255,1.0592569,1.3048025
4130000,168318824,1346550592,413000,0.8525111079216003,0.6681810021400452,0.43624287843704224,0.36216267943382263,1801.7438965550514,225.21798706938142,3473.8975200231594,347.3897520023159,61.23461579846453,0.0063909194,1000.0,421.0,155.0,19.0,4640.7707187217875,,61.5801,81.0,0.48756381,3629.0,787.0,5584.0,3.0,2.0,23.0,18.0,79.0,74.0,139.0,136.0,0.6666666666666666,0.782608695652174,0.9367088607594937,0.9784172661870504,134663.0,119457.0,9346.0,86.0,0.0,0.0,9899.0,0.0,0.0,0.0,0.0,0.0,0.0,0.0,0.0,0.0,0.0,0.0,15.0,0.0,9985.0,0.0,6756.5,7261.875,8603.375,9706.875,9999.0,0.0,0.0,0.9375,1248.125,0.0,0.8955627,1.0024025,1.2548758
4140000,168934625,1351477000,414000,0.8494612574577332,0.669206976890564,0.4359235167503357,0.3596213757991791,1792.8698746461787,224.10873433077234,3639.3044884755354,363.9304488475536,60.933020592166926,0.0066204234,1000.0,406.0,188.0,27.0,4614.802042927787,,61.7567,81.0,0.40438169,3081.0,1221.0,5698.0,3.0,2.0,9.0,8.0,42.0,41.0,95.0,95.0,0.6666666666666666,0.8888888888888888,0.9761904761904762,1.0,138528.0,122344.0,9449.0,3.0,0.0,0.0,9996.0,0.0,0.0,0.0,0.0,0.0,0.0,0.0,0.0,0.0,0.0,0.0,1.0,0.0,9999.0,0.0,6730.1875,7351.041666666667,8569.9375,9832.125,10000.0,0.0,0.0,0.0625,1249.875,0.0,0.94802254,1.06601,1.2386161
4150000,169552192,1356417536,415000,0.8456370830535889,0.6700729727745056,0.4328477382659912,0.3590139150619507,1841.193540372671,230.14919254658386,3726.708074534162,372.67080745341616,62.57536338594187,0.006634211,1000.0,425.0,176.0,17.0,4646.898782296604,,66.1242,81.0,0.42330243,3227.0,690.0,6083.0,5.0,4.0,19.0,16.0,57.0,56.0,113.0,112.0,0.8,0.8421052631578947,0.9824561403508771,0.9911504424778761,140806.0,124742.0,9848.0,3.0,0.0,0.0,9982.0,0.0,8.0,0.0,0.0,0.0,4.0,0.0,0.0,0.0,0.0,0.0,3.0,0.0,9985.0,0.0,7420.1875,8016.583333333333,8911.4375,9852.125,9998.0,0.25,0.16666666666666666,0.1875,1248.125,0.0,0.98737586,1.0883664,1.2394972
4160000,170213434,1361707472,416000,0.8408552408218384,0.6708289980888367,0.4310213029384613,0.3562115430831909,1780.457142857143,222.55714285714288,3365.7442034405385,336.57442034405386,60.51115771611429,0.006556514,1000.0,387.0,194.0,33.0,4664.131040611224,,61.9404,81.0,0.38052667,3156.0,1502.0,5342.0,4.0,3.0,10.0,8.0,40.0,39.0,98.0,97.0,0.75,0.8,0.975,0.9897959183673469,143540.0,125891.0,9713.0,1.0,0.0,0.0,9997.0,0.0,0.0,0.0,0.0,0.0,0.0,0.0,0.0,0.0,1.0,0.0,0.0,0.0,9998.0,1.0,6690.9375,7483.291666666667,8651.4375,9659.0,10000.0,0.0,0.0,0.0625,1249.75,1.0,0.9337595,1.0334128,1.2160667
4170000,170832838,1366662704,417000,0.8384576439857483,0.671330988407135,0.428934782743454,0.35620662569999695,1822.8934396076029,227.86167995095036,3678.7247087676274,367.87247087676275,61.95341059810963,0.006439655,1000.0,406.0,184.0,20.0,4684.202902511652,,60.1034,65.0,0.39735570000000003,3588.0,1558.0,4854.0,3.0,2.0,12.0,10.0,65.0,61.0,180.0,179.0,0.6666666666666666,0.8333333333333334,0.9384615384615385,0.9944444444444445,142315.0,124401.0,9653.0,1.0,0.0,0.0,9979.0,0.0,0.0,0.0,0.0,0.0,0.0,0.0,0.0,0.0,0.0,0.0,0.0,0.0,9980.0,20.0,6331.0,7243.583333333333,8629.625,9565.25,10000.0,0.0,0.0,0.0,1247.5,20.0,0.9755239,1.0980021,1.3116982
4180000,171433872,1371470976,418000,0.8378423452377319,0.6720340251922607,0.42767205834388733,0.3570842742919922,1844.8022167750185,230.6002770968773,3836.725993818608,383.6725993818608,62.69800895918968,0.006710134,1000.0,421.0,162.0,28.0,4720.710186401395,,65.0059,81.0,0.40233445000000007,3096.0,985.0,5919.0,14.0,9.0,35.0,27.0,87.0,79.0,161.0,159.0,0.6428571428571429,0.7714285714285715,0.9080459770114943,0.9875776397515528,145565.0,128340.0,9830.0,12.0,4.0,0.0,9934.0,0.0,0.0,2.0,0.0,6.0,0.0,0.0,1.0,1.0,6.0,2.0,2.0,0.0,9950.0,30.0,7222.59375,7841.708333333333,8910.1875,9771.875,9997.0,0.25,0.08333333333333333,0.625,1243.75,30.0,0.9716651,1.0346129,1.2832047
4190000,172083931,1376671448,419000,0.8332304954528809,0.6738560199737549,0.4247228503227234,0.3556334972381592,1766.364675912822,220.79558448910274,3396.5468440418904,339.6546844041891,60.03220685043465,0.0063804705,1000.0,400.0,164.0,25.0,4631.094963075922,,63.7946,81.0,0.40966612999999996,2946.0,1170.0,5884.0,5.0,4.0,15.0,13.0,44.0,43.0,87.0,86.0,0.8,0.8666666666666667,0.9772727272727273,0.9885057471264368,143392.0,126467.0,9776.0,2.0,0.0,0.0,9991.0,0.0,0.0,0.0,0.0,0.0,0.0,0.0,0.0,0.0,1.0,0.0,1.0,0.0,9993.0,5.0,6998.34375,7696.5,8798.8125,9812.75,10000.0,0.0,0.0,0.125,1249.125,5.0,0.98760885,1.0824963,1.3158674
4200000,172721877,1381775016,420000,0.8324862122535706,0.6750770211219788,0.42361149191856384,0.35616883635520935,1905.1062629614266,238.13828287017833,3732.8909166321027,373.2890916632103,64.747520605311,0.0065016095,1000.0,386.0,181.0,22.0,4694.4468109435165,,68.4332,81.0,0.39529180999999997,2040.0,994.0,6966.0,7.0,6.0,22.0,18.0,56.0,53.0,121.0,120.0,0.8571428571428571,0.8181818181818182,0.9464285714285714,0.9917355371900827,146237.0,129687.0,9875.0,5.0,0.0,0.0,9989.0,0.0,0.0,0.0,0.0,0.0,0.0,0.0,0.0,1.0,2.0,1.0,0.0,1.0,9994.0,1.0,7861.3125,8282.416666666666,9102.75,9793.625,9999.0,0.0,0.041666666666666664,0.1875,1249.375,1.0,1.0495131,1.0733825,1.2785604
4210000,173406209,1387249672,421000,0.8282620906829834,0.6744679808616638,0.42155390977859497,0.35417211055755615,1870.9665464211125,233.87081830263907,3417.5052211885322,341.7505221188532,63.587237820498046,0.006537251,1000.0,360.0,208.0,27.0,4598.1014007838685,,67.1829,81.0,0.39335219,3112.0,625.0,6263.0,6.0,5.0,18.0,16.0,45.0,44.0,78.0,78.0,0.8333333333333334,0.8888888888888888,0.9777777777777777,1.0,150241.0,132900.0,9889.0,0.0,0.0,0.0,9986.0,0.0,0.0,0.0,0.0,0.0,0.0,0.0,0.0,1.0,0.0,2.0,9.0,0.0,9986.0,2.0,7610.0,8161.25,9041.4375,9722.0,10000.0,0.0,0.041666666666666664,0.6875,1248.25,2.0,0.94570744,1.0072438,1.2165459
4220000,174078038,1392624304,422000,0.8182430863380432,0.6758840084075928,0.4171740710735321,0.3488096296787262,1802.7275878132862,225.34094847666077,3354.1414329637564,335.41414329637564,61.26804782860904,0.006501683,1000.0,402.0,157.0,31.0,4642.389898940741,,61.6373,81.0,0.37506166,3955.0,859.0,5186.0,3.0,2.0,7.0,5.0,19.0,18.0,49.0,48.0,0.6666666666666666,0.7142857142857143,0.9473684210526315,0.9795918367346939,136825.0,121356.0,9624.0,0.0,0.0,1.0,9998.0,0.0,0.0,0.0,0.0,0.0,0.0,0.0,0.0,0.0,0.0,0.0,1.0,0.0,9999.0,0.0,6639.46875,7382.083333333333,8696.8125,9698.875,10000.0,0.0,0.0,0.0625,1249.875,0.0,1.0100387,1.0929477,1.3048841
4230000,174694411,1397555288,423000,0.8170991539955139,0.6773110032081604,0.41575998067855835,0.3493003249168396,1783.716077170418,222.96450964630225,3617.363344051447,361.7363344051447,60.621916848401284,0.006499772,1000.0,398.0,157.0,25.0,4532.644583250006,,61.7037,81.0,0.38569678999999996,3691.0,1125.0,5184.0,3.0,3.0,15.0,12.0,39.0,38.0,78.0,77.0,1.0,0.8,0.9743589743589743,0.9871794871794872,140168.0,123426.0,9720.0,0.0,0.0,0.0,9978.0,0.0,0.0,0.0,0.0,0.0,0.0,0.0,0.0,0.0,1.0,0.0,21.0,0.0,9978.0,0.0,6637.59375,7351.5,8800.0625,9674.625,10000.0,0.0,0.0,1.375,1247.25,0.0,0.94722944,1.0318062,1.258613
4240000,175311448,1402491584,424000,0.8151131272315979,0.6771889925003052,0.41389143466949463,0.34939780831336975,1770.3392707710698,221.29240884638372,3586.371787208607,358.6371787208607,60.16728863956389,0.0065878425,1000.0,375.0,172.0,21.0,4647.410359697485,,61.2961,81.0,0.36671351,4014.0,875.0,5111.0,4.0,4.0,10.0,7.0,44.0,41.0,94.0,93.0,1.0,0.7,0.9318181818181818,0.9893617021276596,138620.0,121977.0,9850.0,0.0,0.0,0.0,9997.0,0.0,0.0,0.0,0.0,0.0,0.0,0.0,0.0,1.0,1.0,0.0,1.0,0.0,9997.0,0.0,6597.96875,7310.375,8686.0625,9675.0,10000.0,0.0,0.041666666666666664,0.125,1249.625,0.0,1.0610373,1.1247994,1.3661852
4250000,175924409,1407395272,425000,0.8112758994102478,0.6781049966812134,0.41197434067726135,0.34762704372406006,1722.7751341856151,215.3468917732019,3513.223382453401,351.3223382453401,58.550759434073115,0.006435893,1000.0,371.0,169.0,24.0,4553.471095777913,,58.8726,58.0,0.40711569,4374.0,1088.0,4538.0,7.0,5.0,29.0,24.0,64.0,62.0,111.0,110.0,0.7142857142857143,0.8275862068965517,0.96875,0.990990990990991,139256.0,121527.0,9666.0,21.0,0.0,0.0,9945.0,0.0,0.0,0.0,0.0,0.0,0.0,0.0,0.0,0.0,19.0,1.0,10.0,0.0,9966.0,4.0,6273.1875,6882.458333333333,8521.5625,9557.5,10000.0,0.0,0.0,1.875,1245.75,4.0,0.9052208,1.0195322,1.2831134
4260000,176513135,1412105080,426000,0.810455322265625,0.6778810024261475,0.4123736321926117,0.34650471806526184,1766.178,220.77225,3750.0,375.0,60.025862426112,0.0064725224,1000.0,377.0,177.0,26.0,4613.763744623505,,53.1798,49.0,0.39541284000000004,4514.0,1780.0,3706.0,15.0,11.0,32.0,27.0,69.0,67.0,122.0,122.0,0.7333333333333333,0.84375,0.9710144927536232,1.0,117851.0,104256.0,8864.0,5.0,1.0,9.0,9961.0,0.0,0.0,1.0,1.0,2.0,1.0,0.0,0.0,2.0,5.0,3.0,1.0,3.0,9976.0,5.0,5264.5,6106.333333333333,8224.5,9398.75,10000.0,0.125,0.125,0.5625,1247.375,5.0,0.9934076,1.1188021,1.3561305
4270000,177044933,1416359464,427000,0.8126493692398071,0.6780740022659302,0.41267043352127075,0.3484482169151306,1794.2575445173386,224.28219306466733,4217.432052483599,421.7432052483599,60.980182362259804,0.0064421548,,,,,,,,,,,,,,,,,,,,,,,,,,,,,,,,,,,,,,,,,,,,,,,,,,,,,,,,,0.9554002,1.0465214,1.3334973
